"STE_CODE16","age_group","sex","year_range","usual_consumption_selected_sugar_sweetened_diet_drinks","p"
1,"2-3","all","2017-2018","did_not_consume","0.807"
1,"2-3","all","2017-2018","1_metric_cup_or_less","0.154"
1,"2-3","all","2017-2018","more_than_1_to_less_than_2_cups","NULL"
1,"2-3","all","2017-2018","2_metric_cups_or_more","0.03"
1,"2-3","all","2017-2018","did_not_consume","0.997"
1,"2-3","all","2017-2018","1_metric_cup_or_less","NULL"
1,"2-3","all","2017-2018","more_than_1_to_less_than_2_cups","NULL"
1,"2-3","all","2017-2018","2_metric_cups_or_more","NULL"
1,"4-8","all","2017-2018","did_not_consume","0.712"
1,"4-8","all","2017-2018","1_metric_cup_or_less","0.251"
1,"4-8","all","2017-2018","more_than_1_to_less_than_2_cups","NULL"
1,"4-8","all","2017-2018","2_metric_cups_or_more","0.017"
1,"4-8","all","2017-2018","did_not_consume","0.939"
1,"4-8","all","2017-2018","1_metric_cup_or_less","0.032"
1,"4-8","all","2017-2018","more_than_1_to_less_than_2_cups","NULL"
1,"4-8","all","2017-2018","2_metric_cups_or_more","NULL"
1,"9-11","all","2017-2018","did_not_consume","0.558"
1,"9-11","all","2017-2018","1_metric_cup_or_less","0.382"
1,"9-11","all","2017-2018","more_than_1_to_less_than_2_cups","0.013"
1,"9-11","all","2017-2018","2_metric_cups_or_more","0.065"
1,"9-11","all","2017-2018","did_not_consume","0.938"
1,"9-11","all","2017-2018","1_metric_cup_or_less","0.069"
1,"9-11","all","2017-2018","more_than_1_to_less_than_2_cups","NULL"
1,"9-11","all","2017-2018","2_metric_cups_or_more","NULL"
1,"12-13","all","2017-2018","did_not_consume","0.372"
1,"12-13","all","2017-2018","1_metric_cup_or_less","0.568"
1,"12-13","all","2017-2018","more_than_1_to_less_than_2_cups","NULL"
1,"12-13","all","2017-2018","2_metric_cups_or_more","0.092"
1,"12-13","all","2017-2018","did_not_consume","0.964"
1,"12-13","all","2017-2018","1_metric_cup_or_less","0.084"
1,"12-13","all","2017-2018","more_than_1_to_less_than_2_cups","NULL"
1,"12-13","all","2017-2018","2_metric_cups_or_more","NULL"
1,"14-17","all","2017-2018","did_not_consume","0.403"
1,"14-17","all","2017-2018","1_metric_cup_or_less","0.45"
1,"14-17","all","2017-2018","more_than_1_to_less_than_2_cups","0.106"
1,"14-17","all","2017-2018","2_metric_cups_or_more","0.055"
1,"14-17","all","2017-2018","did_not_consume","0.881"
1,"14-17","all","2017-2018","1_metric_cup_or_less","0.101"
1,"14-17","all","2017-2018","more_than_1_to_less_than_2_cups","0.007"
1,"14-17","all","2017-2018","2_metric_cups_or_more","0.024"
2,"2-3","all","2017-2018","did_not_consume","0.813"
2,"2-3","all","2017-2018","1_metric_cup_or_less","0.124"
2,"2-3","all","2017-2018","more_than_1_to_less_than_2_cups","NULL"
2,"2-3","all","2017-2018","2_metric_cups_or_more","NULL"
2,"2-3","all","2017-2018","did_not_consume","0.985"
2,"2-3","all","2017-2018","1_metric_cup_or_less","NULL"
2,"2-3","all","2017-2018","more_than_1_to_less_than_2_cups","NULL"
2,"2-3","all","2017-2018","2_metric_cups_or_more","NULL"
2,"4-8","all","2017-2018","did_not_consume","0.689"
2,"4-8","all","2017-2018","1_metric_cup_or_less","0.296"
2,"4-8","all","2017-2018","more_than_1_to_less_than_2_cups","NULL"
2,"4-8","all","2017-2018","2_metric_cups_or_more","NULL"
2,"4-8","all","2017-2018","did_not_consume","0.933"
2,"4-8","all","2017-2018","1_metric_cup_or_less","0.041"
2,"4-8","all","2017-2018","more_than_1_to_less_than_2_cups","0.023"
2,"4-8","all","2017-2018","2_metric_cups_or_more","NULL"
2,"9-11","all","2017-2018","did_not_consume","0.618"
2,"9-11","all","2017-2018","1_metric_cup_or_less","0.37"
2,"9-11","all","2017-2018","more_than_1_to_less_than_2_cups","NULL"
2,"9-11","all","2017-2018","2_metric_cups_or_more","0.028"
2,"9-11","all","2017-2018","did_not_consume","0.977"
2,"9-11","all","2017-2018","1_metric_cup_or_less","0.031"
2,"9-11","all","2017-2018","more_than_1_to_less_than_2_cups","NULL"
2,"9-11","all","2017-2018","2_metric_cups_or_more","NULL"
2,"12-13","all","2017-2018","did_not_consume","0.547"
2,"12-13","all","2017-2018","1_metric_cup_or_less","0.421"
2,"12-13","all","2017-2018","more_than_1_to_less_than_2_cups","0.035"
2,"12-13","all","2017-2018","2_metric_cups_or_more","0.027"
2,"12-13","all","2017-2018","did_not_consume","0.881"
2,"12-13","all","2017-2018","1_metric_cup_or_less","0.105"
2,"12-13","all","2017-2018","more_than_1_to_less_than_2_cups","NULL"
2,"12-13","all","2017-2018","2_metric_cups_or_more","NULL"
2,"14-17","all","2017-2018","did_not_consume","0.473"
2,"14-17","all","2017-2018","1_metric_cup_or_less","0.413"
2,"14-17","all","2017-2018","more_than_1_to_less_than_2_cups","0.095"
2,"14-17","all","2017-2018","2_metric_cups_or_more","0.043"
2,"14-17","all","2017-2018","did_not_consume","0.842"
2,"14-17","all","2017-2018","1_metric_cup_or_less","0.15"
2,"14-17","all","2017-2018","more_than_1_to_less_than_2_cups","0.029"
2,"14-17","all","2017-2018","2_metric_cups_or_more","0.017"
3,"2-3","all","2017-2018","did_not_consume","0.842"
3,"2-3","all","2017-2018","1_metric_cup_or_less","0.132"
3,"2-3","all","2017-2018","more_than_1_to_less_than_2_cups","NULL"
3,"2-3","all","2017-2018","2_metric_cups_or_more","0.032"
3,"2-3","all","2017-2018","did_not_consume","0.984"
3,"2-3","all","2017-2018","1_metric_cup_or_less","0.037"
3,"2-3","all","2017-2018","more_than_1_to_less_than_2_cups","NULL"
3,"2-3","all","2017-2018","2_metric_cups_or_more","NULL"
3,"4-8","all","2017-2018","did_not_consume","0.664"
3,"4-8","all","2017-2018","1_metric_cup_or_less","0.325"
3,"4-8","all","2017-2018","more_than_1_to_less_than_2_cups","0.016"
3,"4-8","all","2017-2018","2_metric_cups_or_more","0.016"
3,"4-8","all","2017-2018","did_not_consume","0.983"
3,"4-8","all","2017-2018","1_metric_cup_or_less","0.021"
3,"4-8","all","2017-2018","more_than_1_to_less_than_2_cups","NULL"
3,"4-8","all","2017-2018","2_metric_cups_or_more","NULL"
3,"9-11","all","2017-2018","did_not_consume","0.527"
3,"9-11","all","2017-2018","1_metric_cup_or_less","0.468"
3,"9-11","all","2017-2018","more_than_1_to_less_than_2_cups","NULL"
3,"9-11","all","2017-2018","2_metric_cups_or_more","NULL"
3,"9-11","all","2017-2018","did_not_consume","0.922"
3,"9-11","all","2017-2018","1_metric_cup_or_less","0.086"
3,"9-11","all","2017-2018","more_than_1_to_less_than_2_cups","NULL"
3,"9-11","all","2017-2018","2_metric_cups_or_more","NULL"
3,"12-13","all","2017-2018","did_not_consume","0.366"
3,"12-13","all","2017-2018","1_metric_cup_or_less","0.496"
3,"12-13","all","2017-2018","more_than_1_to_less_than_2_cups","0.035"
3,"12-13","all","2017-2018","2_metric_cups_or_more","0.062"
3,"12-13","all","2017-2018","did_not_consume","0.878"
3,"12-13","all","2017-2018","1_metric_cup_or_less","0.055"
3,"12-13","all","2017-2018","more_than_1_to_less_than_2_cups","NULL"
3,"12-13","all","2017-2018","2_metric_cups_or_more","NULL"
3,"14-17","all","2017-2018","did_not_consume","0.418"
3,"14-17","all","2017-2018","1_metric_cup_or_less","0.402"
3,"14-17","all","2017-2018","more_than_1_to_less_than_2_cups","0.099"
3,"14-17","all","2017-2018","2_metric_cups_or_more","0.11"
3,"14-17","all","2017-2018","did_not_consume","0.887"
3,"14-17","all","2017-2018","1_metric_cup_or_less","0.084"
3,"14-17","all","2017-2018","more_than_1_to_less_than_2_cups","0.023"
3,"14-17","all","2017-2018","2_metric_cups_or_more","0.017"
4,"2-3","all","2017-2018","did_not_consume","0.906"
4,"2-3","all","2017-2018","1_metric_cup_or_less","0.259"
4,"2-3","all","2017-2018","more_than_1_to_less_than_2_cups","NULL"
4,"2-3","all","2017-2018","2_metric_cups_or_more","NULL"
4,"2-3","all","2017-2018","did_not_consume","1.049"
4,"2-3","all","2017-2018","1_metric_cup_or_less","NULL"
4,"2-3","all","2017-2018","more_than_1_to_less_than_2_cups","NULL"
4,"2-3","all","2017-2018","2_metric_cups_or_more","NULL"
4,"4-8","all","2017-2018","did_not_consume","0.737"
4,"4-8","all","2017-2018","1_metric_cup_or_less","0.242"
4,"4-8","all","2017-2018","more_than_1_to_less_than_2_cups","NULL"
4,"4-8","all","2017-2018","2_metric_cups_or_more","NULL"
4,"4-8","all","2017-2018","did_not_consume","0.998"
4,"4-8","all","2017-2018","1_metric_cup_or_less","0.081"
4,"4-8","all","2017-2018","more_than_1_to_less_than_2_cups","NULL"
4,"4-8","all","2017-2018","2_metric_cups_or_more","NULL"
4,"9-11","all","2017-2018","did_not_consume","0.487"
4,"9-11","all","2017-2018","1_metric_cup_or_less","0.4"
4,"9-11","all","2017-2018","more_than_1_to_less_than_2_cups","0.036"
4,"9-11","all","2017-2018","2_metric_cups_or_more","NULL"
4,"9-11","all","2017-2018","did_not_consume","0.821"
4,"9-11","all","2017-2018","1_metric_cup_or_less","0.13"
4,"9-11","all","2017-2018","more_than_1_to_less_than_2_cups","NULL"
4,"9-11","all","2017-2018","2_metric_cups_or_more","NULL"
4,"12-13","all","2017-2018","did_not_consume","0.271"
4,"12-13","all","2017-2018","1_metric_cup_or_less","0.546"
4,"12-13","all","2017-2018","more_than_1_to_less_than_2_cups","0.047"
4,"12-13","all","2017-2018","2_metric_cups_or_more","0.072"
4,"12-13","all","2017-2018","did_not_consume","0.776"
4,"12-13","all","2017-2018","1_metric_cup_or_less","0.075"
4,"12-13","all","2017-2018","more_than_1_to_less_than_2_cups","NULL"
4,"12-13","all","2017-2018","2_metric_cups_or_more","0.058"
4,"14-17","all","2017-2018","did_not_consume","0.401"
4,"14-17","all","2017-2018","1_metric_cup_or_less","0.463"
4,"14-17","all","2017-2018","more_than_1_to_less_than_2_cups","0.079"
4,"14-17","all","2017-2018","2_metric_cups_or_more","0.094"
4,"14-17","all","2017-2018","did_not_consume","0.762"
4,"14-17","all","2017-2018","1_metric_cup_or_less","0.165"
4,"14-17","all","2017-2018","more_than_1_to_less_than_2_cups","NULL"
4,"14-17","all","2017-2018","2_metric_cups_or_more","0.038"
5,"2-3","all","2017-2018","did_not_consume","0.677"
5,"2-3","all","2017-2018","1_metric_cup_or_less","0.281"
5,"2-3","all","2017-2018","more_than_1_to_less_than_2_cups","NULL"
5,"2-3","all","2017-2018","2_metric_cups_or_more","NULL"
5,"2-3","all","2017-2018","did_not_consume","0.948"
5,"2-3","all","2017-2018","1_metric_cup_or_less","0.042"
5,"2-3","all","2017-2018","more_than_1_to_less_than_2_cups","NULL"
5,"2-3","all","2017-2018","2_metric_cups_or_more","NULL"
5,"4-8","all","2017-2018","did_not_consume","0.676"
5,"4-8","all","2017-2018","1_metric_cup_or_less","0.306"
5,"4-8","all","2017-2018","more_than_1_to_less_than_2_cups","NULL"
5,"4-8","all","2017-2018","2_metric_cups_or_more","0.046"
5,"4-8","all","2017-2018","did_not_consume","0.97"
5,"4-8","all","2017-2018","1_metric_cup_or_less","0.023"
5,"4-8","all","2017-2018","more_than_1_to_less_than_2_cups","NULL"
5,"4-8","all","2017-2018","2_metric_cups_or_more","NULL"
5,"9-11","all","2017-2018","did_not_consume","0.646"
5,"9-11","all","2017-2018","1_metric_cup_or_less","0.34"
5,"9-11","all","2017-2018","more_than_1_to_less_than_2_cups","NULL"
5,"9-11","all","2017-2018","2_metric_cups_or_more","NULL"
5,"9-11","all","2017-2018","did_not_consume","0.964"
5,"9-11","all","2017-2018","1_metric_cup_or_less","0.033"
5,"9-11","all","2017-2018","more_than_1_to_less_than_2_cups","NULL"
5,"9-11","all","2017-2018","2_metric_cups_or_more","NULL"
5,"12-13","all","2017-2018","did_not_consume","0.482"
5,"12-13","all","2017-2018","1_metric_cup_or_less","0.494"
5,"12-13","all","2017-2018","more_than_1_to_less_than_2_cups","NULL"
5,"12-13","all","2017-2018","2_metric_cups_or_more","NULL"
5,"12-13","all","2017-2018","did_not_consume","0.986"
5,"12-13","all","2017-2018","1_metric_cup_or_less","0.062"
5,"12-13","all","2017-2018","more_than_1_to_less_than_2_cups","NULL"
5,"12-13","all","2017-2018","2_metric_cups_or_more","NULL"
5,"14-17","all","2017-2018","did_not_consume","0.488"
5,"14-17","all","2017-2018","1_metric_cup_or_less","0.417"
5,"14-17","all","2017-2018","more_than_1_to_less_than_2_cups","0.035"
5,"14-17","all","2017-2018","2_metric_cups_or_more","0.066"
5,"14-17","all","2017-2018","did_not_consume","0.853"
5,"14-17","all","2017-2018","1_metric_cup_or_less","0.074"
5,"14-17","all","2017-2018","more_than_1_to_less_than_2_cups","0.013"
5,"14-17","all","2017-2018","2_metric_cups_or_more","0.049"
6,"2-3","all","2017-2018","did_not_consume","0.857"
6,"2-3","all","2017-2018","1_metric_cup_or_less","0.059"
6,"2-3","all","2017-2018","more_than_1_to_less_than_2_cups","NULL"
6,"2-3","all","2017-2018","2_metric_cups_or_more","0.059"
6,"2-3","all","2017-2018","did_not_consume","1"
6,"2-3","all","2017-2018","1_metric_cup_or_less","NULL"
6,"2-3","all","2017-2018","more_than_1_to_less_than_2_cups","NULL"
6,"2-3","all","2017-2018","2_metric_cups_or_more","NULL"
6,"4-8","all","2017-2018","did_not_consume","0.536"
6,"4-8","all","2017-2018","1_metric_cup_or_less","0.414"
6,"4-8","all","2017-2018","more_than_1_to_less_than_2_cups","NULL"
6,"4-8","all","2017-2018","2_metric_cups_or_more","NULL"
6,"4-8","all","2017-2018","did_not_consume","0.94"
6,"4-8","all","2017-2018","1_metric_cup_or_less","0.08"
6,"4-8","all","2017-2018","more_than_1_to_less_than_2_cups","NULL"
6,"4-8","all","2017-2018","2_metric_cups_or_more","NULL"
6,"9-11","all","2017-2018","did_not_consume","0.433"
6,"9-11","all","2017-2018","1_metric_cup_or_less","0.515"
6,"9-11","all","2017-2018","more_than_1_to_less_than_2_cups","NULL"
6,"9-11","all","2017-2018","2_metric_cups_or_more","NULL"
6,"9-11","all","2017-2018","did_not_consume","0.953"
6,"9-11","all","2017-2018","1_metric_cup_or_less","0.064"
6,"9-11","all","2017-2018","more_than_1_to_less_than_2_cups","NULL"
6,"9-11","all","2017-2018","2_metric_cups_or_more","NULL"
6,"12-13","all","2017-2018","did_not_consume","0.53"
6,"12-13","all","2017-2018","1_metric_cup_or_less","0.42"
6,"12-13","all","2017-2018","more_than_1_to_less_than_2_cups","0.09"
6,"12-13","all","2017-2018","2_metric_cups_or_more","0.05"
6,"12-13","all","2017-2018","did_not_consume","0.92"
6,"12-13","all","2017-2018","1_metric_cup_or_less","NULL"
6,"12-13","all","2017-2018","more_than_1_to_less_than_2_cups","NULL"
6,"12-13","all","2017-2018","2_metric_cups_or_more","0.06"
6,"14-17","all","2017-2018","did_not_consume","0.437"
6,"14-17","all","2017-2018","1_metric_cup_or_less","0.336"
6,"14-17","all","2017-2018","more_than_1_to_less_than_2_cups","0.078"
6,"14-17","all","2017-2018","2_metric_cups_or_more","0.137"
6,"14-17","all","2017-2018","did_not_consume","0.934"
6,"14-17","all","2017-2018","1_metric_cup_or_less","0.105"
6,"14-17","all","2017-2018","more_than_1_to_less_than_2_cups","0.023"
6,"14-17","all","2017-2018","2_metric_cups_or_more","NULL"
7,"2-3","all","2017-2018","did_not_consume","0.847"
7,"2-3","all","2017-2018","1_metric_cup_or_less","0.068"
7,"2-3","all","2017-2018","more_than_1_to_less_than_2_cups","NULL"
7,"2-3","all","2017-2018","2_metric_cups_or_more","NULL"
7,"2-3","all","2017-2018","did_not_consume","1"
7,"2-3","all","2017-2018","1_metric_cup_or_less","NULL"
7,"2-3","all","2017-2018","more_than_1_to_less_than_2_cups","NULL"
7,"2-3","all","2017-2018","2_metric_cups_or_more","NULL"
7,"4-8","all","2017-2018","did_not_consume","0.752"
7,"4-8","all","2017-2018","1_metric_cup_or_less","0.256"
7,"4-8","all","2017-2018","more_than_1_to_less_than_2_cups","NULL"
7,"4-8","all","2017-2018","2_metric_cups_or_more","0.032"
7,"4-8","all","2017-2018","did_not_consume","0.968"
7,"4-8","all","2017-2018","1_metric_cup_or_less","0.088"
7,"4-8","all","2017-2018","more_than_1_to_less_than_2_cups","NULL"
7,"4-8","all","2017-2018","2_metric_cups_or_more","NULL"
7,"9-11","all","2017-2018","did_not_consume","0.485"
7,"9-11","all","2017-2018","1_metric_cup_or_less","0.424"
7,"9-11","all","2017-2018","more_than_1_to_less_than_2_cups","NULL"
7,"9-11","all","2017-2018","2_metric_cups_or_more","0.197"
7,"9-11","all","2017-2018","did_not_consume","0.955"
7,"9-11","all","2017-2018","1_metric_cup_or_less","0.076"
7,"9-11","all","2017-2018","more_than_1_to_less_than_2_cups","NULL"
7,"9-11","all","2017-2018","2_metric_cups_or_more","NULL"
7,"12-13","all","2017-2018","did_not_consume","0.367"
7,"12-13","all","2017-2018","1_metric_cup_or_less","0.367"
7,"12-13","all","2017-2018","more_than_1_to_less_than_2_cups","0.102"
7,"12-13","all","2017-2018","2_metric_cups_or_more","0.041"
7,"12-13","all","2017-2018","did_not_consume","0.816"
7,"12-13","all","2017-2018","1_metric_cup_or_less","0.163"
7,"12-13","all","2017-2018","more_than_1_to_less_than_2_cups","NULL"
7,"12-13","all","2017-2018","2_metric_cups_or_more","NULL"
7,"14-17","all","2017-2018","did_not_consume","0.446"
7,"14-17","all","2017-2018","1_metric_cup_or_less","0.378"
7,"14-17","all","2017-2018","more_than_1_to_less_than_2_cups","0.095"
7,"14-17","all","2017-2018","2_metric_cups_or_more","0.162"
7,"14-17","all","2017-2018","did_not_consume","0.838"
7,"14-17","all","2017-2018","1_metric_cup_or_less","0.081"
7,"14-17","all","2017-2018","more_than_1_to_less_than_2_cups","0.095"
7,"14-17","all","2017-2018","2_metric_cups_or_more","NULL"
8,"2-3","all","2017-2018","did_not_consume","0.861"
8,"2-3","all","2017-2018","1_metric_cup_or_less","0.087"
8,"2-3","all","2017-2018","more_than_1_to_less_than_2_cups","NULL"
8,"2-3","all","2017-2018","2_metric_cups_or_more","NULL"
8,"2-3","all","2017-2018","did_not_consume","1"
8,"2-3","all","2017-2018","1_metric_cup_or_less","NULL"
8,"2-3","all","2017-2018","more_than_1_to_less_than_2_cups","NULL"
8,"2-3","all","2017-2018","2_metric_cups_or_more","NULL"
8,"4-8","all","2017-2018","did_not_consume","0.764"
8,"4-8","all","2017-2018","1_metric_cup_or_less","0.218"
8,"4-8","all","2017-2018","more_than_1_to_less_than_2_cups","0.041"
8,"4-8","all","2017-2018","2_metric_cups_or_more","NULL"
8,"4-8","all","2017-2018","did_not_consume","0.967"
8,"4-8","all","2017-2018","1_metric_cup_or_less","0.03"
8,"4-8","all","2017-2018","more_than_1_to_less_than_2_cups","NULL"
8,"4-8","all","2017-2018","2_metric_cups_or_more","NULL"
8,"9-11","all","2017-2018","did_not_consume","0.609"
8,"9-11","all","2017-2018","1_metric_cup_or_less","0.503"
8,"9-11","all","2017-2018","more_than_1_to_less_than_2_cups","NULL"
8,"9-11","all","2017-2018","2_metric_cups_or_more","NULL"
8,"9-11","all","2017-2018","did_not_consume","1"
8,"9-11","all","2017-2018","1_metric_cup_or_less","NULL"
8,"9-11","all","2017-2018","more_than_1_to_less_than_2_cups","NULL"
8,"9-11","all","2017-2018","2_metric_cups_or_more","NULL"
8,"12-13","all","2017-2018","did_not_consume","0.52"
8,"12-13","all","2017-2018","1_metric_cup_or_less","0.4"
8,"12-13","all","2017-2018","more_than_1_to_less_than_2_cups","NULL"
8,"12-13","all","2017-2018","2_metric_cups_or_more","NULL"
8,"12-13","all","2017-2018","did_not_consume","0.973"
8,"12-13","all","2017-2018","1_metric_cup_or_less","0.08"
8,"12-13","all","2017-2018","more_than_1_to_less_than_2_cups","NULL"
8,"12-13","all","2017-2018","2_metric_cups_or_more","NULL"
8,"14-17","all","2017-2018","did_not_consume","0.476"
8,"14-17","all","2017-2018","1_metric_cup_or_less","0.419"
8,"14-17","all","2017-2018","more_than_1_to_less_than_2_cups","0.079"
8,"14-17","all","2017-2018","2_metric_cups_or_more","0.12"
8,"14-17","all","2017-2018","did_not_consume","0.901"
8,"14-17","all","2017-2018","1_metric_cup_or_less","0.089"
8,"14-17","all","2017-2018","more_than_1_to_less_than_2_cups","NULL"
8,"14-17","all","2017-2018","2_metric_cups_or_more","0.042"
1,"2-3","male","2017-2018","did_not_consume","0.639"
1,"2-3","male","2017-2018","1_metric_cup_or_less","0.159"
1,"2-3","male","2017-2018","more_than_1_to_less_than_2_cups","NULL"
1,"2-3","male","2017-2018","2_metric_cups_or_more","0.057"
1,"4-8","male","2017-2018","did_not_consume","0.657"
1,"4-8","male","2017-2018","1_metric_cup_or_less","0.256"
1,"4-8","male","2017-2018","more_than_1_to_less_than_2_cups","NULL"
1,"4-8","male","2017-2018","2_metric_cups_or_more","0.058"
1,"9-11","male","2017-2018","did_not_consume","0.53"
1,"9-11","male","2017-2018","1_metric_cup_or_less","0.359"
1,"9-11","male","2017-2018","more_than_1_to_less_than_2_cups","0.024"
1,"9-11","male","2017-2018","2_metric_cups_or_more","0.063"
1,"12-13","male","2017-2018","did_not_consume","0.239"
1,"12-13","male","2017-2018","1_metric_cup_or_less","0.588"
1,"12-13","male","2017-2018","more_than_1_to_less_than_2_cups","0.027"
1,"12-13","male","2017-2018","2_metric_cups_or_more","0.102"
1,"14-17","male","2017-2018","did_not_consume","0.266"
1,"14-17","male","2017-2018","1_metric_cup_or_less","0.523"
1,"14-17","male","2017-2018","more_than_1_to_less_than_2_cups","0.105"
1,"14-17","male","2017-2018","2_metric_cups_or_more","0.08"
2,"2-3","male","2017-2018","did_not_consume","0.881"
2,"2-3","male","2017-2018","1_metric_cup_or_less","0.111"
2,"2-3","male","2017-2018","more_than_1_to_less_than_2_cups","NULL"
2,"2-3","male","2017-2018","2_metric_cups_or_more","NULL"
2,"4-8","male","2017-2018","did_not_consume","0.646"
2,"4-8","male","2017-2018","1_metric_cup_or_less","0.31"
2,"4-8","male","2017-2018","more_than_1_to_less_than_2_cups","NULL"
2,"4-8","male","2017-2018","2_metric_cups_or_more","NULL"
2,"9-11","male","2017-2018","did_not_consume","0.565"
2,"9-11","male","2017-2018","1_metric_cup_or_less","0.49"
2,"9-11","male","2017-2018","more_than_1_to_less_than_2_cups","NULL"
2,"9-11","male","2017-2018","2_metric_cups_or_more","0.068"
2,"12-13","male","2017-2018","did_not_consume","0.457"
2,"12-13","male","2017-2018","1_metric_cup_or_less","0.459"
2,"12-13","male","2017-2018","more_than_1_to_less_than_2_cups","0.069"
2,"12-13","male","2017-2018","2_metric_cups_or_more","0.036"
2,"14-17","male","2017-2018","did_not_consume","0.353"
2,"14-17","male","2017-2018","1_metric_cup_or_less","0.491"
2,"14-17","male","2017-2018","more_than_1_to_less_than_2_cups","0.128"
2,"14-17","male","2017-2018","2_metric_cups_or_more","0.084"
3,"2-3","male","2017-2018","did_not_consume","0.856"
3,"2-3","male","2017-2018","1_metric_cup_or_less","0.082"
3,"2-3","male","2017-2018","more_than_1_to_less_than_2_cups","NULL"
3,"2-3","male","2017-2018","2_metric_cups_or_more","NULL"
3,"4-8","male","2017-2018","did_not_consume","0.601"
3,"4-8","male","2017-2018","1_metric_cup_or_less","0.35"
3,"4-8","male","2017-2018","more_than_1_to_less_than_2_cups","NULL"
3,"4-8","male","2017-2018","2_metric_cups_or_more","0.015"
3,"9-11","male","2017-2018","did_not_consume","0.429"
3,"9-11","male","2017-2018","1_metric_cup_or_less","0.527"
3,"9-11","male","2017-2018","more_than_1_to_less_than_2_cups","NULL"
3,"9-11","male","2017-2018","2_metric_cups_or_more","NULL"
3,"12-13","male","2017-2018","did_not_consume","0.373"
3,"12-13","male","2017-2018","1_metric_cup_or_less","0.457"
3,"12-13","male","2017-2018","more_than_1_to_less_than_2_cups","0.053"
3,"12-13","male","2017-2018","2_metric_cups_or_more","0.053"
3,"14-17","male","2017-2018","did_not_consume","0.277"
3,"14-17","male","2017-2018","1_metric_cup_or_less","0.52"
3,"14-17","male","2017-2018","more_than_1_to_less_than_2_cups","0.105"
3,"14-17","male","2017-2018","2_metric_cups_or_more","0.166"
4,"2-3","male","2017-2018","did_not_consume","0.641"
4,"2-3","male","2017-2018","1_metric_cup_or_less","0.21"
4,"2-3","male","2017-2018","more_than_1_to_less_than_2_cups","NULL"
4,"2-3","male","2017-2018","2_metric_cups_or_more","NULL"
4,"4-8","male","2017-2018","did_not_consume","0.761"
4,"4-8","male","2017-2018","1_metric_cup_or_less","0.215"
4,"4-8","male","2017-2018","more_than_1_to_less_than_2_cups","NULL"
4,"4-8","male","2017-2018","2_metric_cups_or_more","NULL"
4,"9-11","male","2017-2018","did_not_consume","0.665"
4,"9-11","male","2017-2018","1_metric_cup_or_less","0.345"
4,"9-11","male","2017-2018","more_than_1_to_less_than_2_cups","NULL"
4,"9-11","male","2017-2018","2_metric_cups_or_more","NULL"
4,"12-13","male","2017-2018","did_not_consume","0.204"
4,"12-13","male","2017-2018","1_metric_cup_or_less","0.505"
4,"12-13","male","2017-2018","more_than_1_to_less_than_2_cups","NULL"
4,"12-13","male","2017-2018","2_metric_cups_or_more","0.131"
4,"14-17","male","2017-2018","did_not_consume","0.305"
4,"14-17","male","2017-2018","1_metric_cup_or_less","0.429"
4,"14-17","male","2017-2018","more_than_1_to_less_than_2_cups","0.151"
4,"14-17","male","2017-2018","2_metric_cups_or_more","0.113"
5,"2-3","male","2017-2018","did_not_consume","0.847"
5,"2-3","male","2017-2018","1_metric_cup_or_less","0.384"
5,"2-3","male","2017-2018","more_than_1_to_less_than_2_cups","NULL"
5,"2-3","male","2017-2018","2_metric_cups_or_more","NULL"
5,"4-8","male","2017-2018","did_not_consume","0.696"
5,"4-8","male","2017-2018","1_metric_cup_or_less","0.328"
5,"4-8","male","2017-2018","more_than_1_to_less_than_2_cups","NULL"
5,"4-8","male","2017-2018","2_metric_cups_or_more","0.052"
5,"9-11","male","2017-2018","did_not_consume","0.626"
5,"9-11","male","2017-2018","1_metric_cup_or_less","0.367"
5,"9-11","male","2017-2018","more_than_1_to_less_than_2_cups","NULL"
5,"9-11","male","2017-2018","2_metric_cups_or_more","NULL"
5,"12-13","male","2017-2018","did_not_consume","0.41"
5,"12-13","male","2017-2018","1_metric_cup_or_less","0.683"
5,"12-13","male","2017-2018","more_than_1_to_less_than_2_cups","NULL"
5,"12-13","male","2017-2018","2_metric_cups_or_more","NULL"
5,"14-17","male","2017-2018","did_not_consume","0.444"
5,"14-17","male","2017-2018","1_metric_cup_or_less","0.421"
5,"14-17","male","2017-2018","more_than_1_to_less_than_2_cups","0.036"
5,"14-17","male","2017-2018","2_metric_cups_or_more","0.099"
6,"2-3","male","2017-2018","did_not_consume","0.631"
6,"2-3","male","2017-2018","1_metric_cup_or_less","0.108"
6,"2-3","male","2017-2018","more_than_1_to_less_than_2_cups","NULL"
6,"2-3","male","2017-2018","2_metric_cups_or_more","0.108"
6,"4-8","male","2017-2018","did_not_consume","0.543"
6,"4-8","male","2017-2018","1_metric_cup_or_less","0.289"
6,"4-8","male","2017-2018","more_than_1_to_less_than_2_cups","NULL"
6,"4-8","male","2017-2018","2_metric_cups_or_more","NULL"
6,"9-11","male","2017-2018","did_not_consume","0.341"
6,"9-11","male","2017-2018","1_metric_cup_or_less","0.516"
6,"9-11","male","2017-2018","more_than_1_to_less_than_2_cups","NULL"
6,"9-11","male","2017-2018","2_metric_cups_or_more","NULL"
6,"12-13","male","2017-2018","did_not_consume","0.485"
6,"12-13","male","2017-2018","1_metric_cup_or_less","0.353"
6,"12-13","male","2017-2018","more_than_1_to_less_than_2_cups","0.132"
6,"12-13","male","2017-2018","2_metric_cups_or_more","0.074"
6,"14-17","male","2017-2018","did_not_consume","0.286"
6,"14-17","male","2017-2018","1_metric_cup_or_less","0.421"
6,"14-17","male","2017-2018","more_than_1_to_less_than_2_cups","0.048"
6,"14-17","male","2017-2018","2_metric_cups_or_more","0.254"
7,"2-3","male","2017-2018","did_not_consume","1.037"
7,"2-3","male","2017-2018","1_metric_cup_or_less","0.074"
7,"2-3","male","2017-2018","more_than_1_to_less_than_2_cups","NULL"
7,"2-3","male","2017-2018","2_metric_cups_or_more","NULL"
7,"4-8","male","2017-2018","did_not_consume","0.885"
7,"4-8","male","2017-2018","1_metric_cup_or_less","0.18"
7,"4-8","male","2017-2018","more_than_1_to_less_than_2_cups","NULL"
7,"4-8","male","2017-2018","2_metric_cups_or_more","NULL"
7,"9-11","male","2017-2018","did_not_consume","0.618"
7,"9-11","male","2017-2018","1_metric_cup_or_less","0.441"
7,"9-11","male","2017-2018","more_than_1_to_less_than_2_cups","NULL"
7,"9-11","male","2017-2018","2_metric_cups_or_more","0.294"
7,"12-13","male","2017-2018","did_not_consume","0.375"
7,"12-13","male","2017-2018","1_metric_cup_or_less","0.25"
7,"12-13","male","2017-2018","more_than_1_to_less_than_2_cups","NULL"
7,"12-13","male","2017-2018","2_metric_cups_or_more","NULL"
7,"14-17","male","2017-2018","did_not_consume","0.341"
7,"14-17","male","2017-2018","1_metric_cup_or_less","0.268"
7,"14-17","male","2017-2018","more_than_1_to_less_than_2_cups","0.073"
7,"14-17","male","2017-2018","2_metric_cups_or_more","0.244"
8,"2-3","male","2017-2018","did_not_consume","0.818"
8,"2-3","male","2017-2018","1_metric_cup_or_less","0.136"
8,"2-3","male","2017-2018","more_than_1_to_less_than_2_cups","NULL"
8,"2-3","male","2017-2018","2_metric_cups_or_more","NULL"
8,"4-8","male","2017-2018","did_not_consume","0.829"
8,"4-8","male","2017-2018","1_metric_cup_or_less","0.268"
8,"4-8","male","2017-2018","more_than_1_to_less_than_2_cups","NULL"
8,"4-8","male","2017-2018","2_metric_cups_or_more","NULL"
8,"9-11","male","2017-2018","did_not_consume","0.649"
8,"9-11","male","2017-2018","1_metric_cup_or_less","0.506"
8,"9-11","male","2017-2018","more_than_1_to_less_than_2_cups","NULL"
8,"9-11","male","2017-2018","2_metric_cups_or_more","NULL"
8,"12-13","male","2017-2018","did_not_consume","0.341"
8,"12-13","male","2017-2018","1_metric_cup_or_less","0.545"
8,"12-13","male","2017-2018","more_than_1_to_less_than_2_cups","NULL"
8,"12-13","male","2017-2018","2_metric_cups_or_more","NULL"
8,"14-17","male","2017-2018","did_not_consume","0.298"
8,"14-17","male","2017-2018","1_metric_cup_or_less","0.415"
8,"14-17","male","2017-2018","more_than_1_to_less_than_2_cups","0.064"
8,"14-17","male","2017-2018","2_metric_cups_or_more","0.181"
1,"2-3","female","2017-2018","did_not_consume","0.854"
1,"2-3","female","2017-2018","1_metric_cup_or_less","0.088"
1,"2-3","female","2017-2018","more_than_1_to_less_than_2_cups","NULL"
1,"2-3","female","2017-2018","2_metric_cups_or_more","NULL"
1,"4-8","female","2017-2018","did_not_consume","0.739"
1,"4-8","female","2017-2018","1_metric_cup_or_less","0.218"
1,"4-8","female","2017-2018","more_than_1_to_less_than_2_cups","NULL"
1,"4-8","female","2017-2018","2_metric_cups_or_more","NULL"
1,"9-11","female","2017-2018","did_not_consume","0.634"
1,"9-11","female","2017-2018","1_metric_cup_or_less","0.342"
1,"9-11","female","2017-2018","more_than_1_to_less_than_2_cups","NULL"
1,"9-11","female","2017-2018","2_metric_cups_or_more","NULL"
1,"12-13","female","2017-2018","did_not_consume","0.561"
1,"12-13","female","2017-2018","1_metric_cup_or_less","0.345"
1,"12-13","female","2017-2018","more_than_1_to_less_than_2_cups","NULL"
1,"12-13","female","2017-2018","2_metric_cups_or_more","NULL"
1,"14-17","female","2017-2018","did_not_consume","0.528"
1,"14-17","female","2017-2018","1_metric_cup_or_less","0.35"
1,"14-17","female","2017-2018","more_than_1_to_less_than_2_cups","0.098"
1,"14-17","female","2017-2018","2_metric_cups_or_more","0.023"
2,"2-3","female","2017-2018","did_not_consume","0.827"
2,"2-3","female","2017-2018","1_metric_cup_or_less","0.224"
2,"2-3","female","2017-2018","more_than_1_to_less_than_2_cups","NULL"
2,"2-3","female","2017-2018","2_metric_cups_or_more","NULL"
2,"4-8","female","2017-2018","did_not_consume","0.745"
2,"4-8","female","2017-2018","1_metric_cup_or_less","0.275"
2,"4-8","female","2017-2018","more_than_1_to_less_than_2_cups","NULL"
2,"4-8","female","2017-2018","2_metric_cups_or_more","NULL"
2,"9-11","female","2017-2018","did_not_consume","0.703"
2,"9-11","female","2017-2018","1_metric_cup_or_less","0.323"
2,"9-11","female","2017-2018","more_than_1_to_less_than_2_cups","NULL"
2,"9-11","female","2017-2018","2_metric_cups_or_more","NULL"
2,"12-13","female","2017-2018","did_not_consume","0.58"
2,"12-13","female","2017-2018","1_metric_cup_or_less","0.439"
2,"12-13","female","2017-2018","more_than_1_to_less_than_2_cups","NULL"
2,"12-13","female","2017-2018","2_metric_cups_or_more","NULL"
2,"14-17","female","2017-2018","did_not_consume","0.628"
2,"14-17","female","2017-2018","1_metric_cup_or_less","0.375"
2,"14-17","female","2017-2018","more_than_1_to_less_than_2_cups","0.037"
2,"14-17","female","2017-2018","2_metric_cups_or_more","0.025"
3,"2-3","female","2017-2018","did_not_consume","0.798"
3,"2-3","female","2017-2018","1_metric_cup_or_less","0.135"
3,"2-3","female","2017-2018","more_than_1_to_less_than_2_cups","NULL"
3,"2-3","female","2017-2018","2_metric_cups_or_more","NULL"
3,"4-8","female","2017-2018","did_not_consume","0.728"
3,"4-8","female","2017-2018","1_metric_cup_or_less","0.253"
3,"4-8","female","2017-2018","more_than_1_to_less_than_2_cups","NULL"
3,"4-8","female","2017-2018","2_metric_cups_or_more","0.01"
3,"9-11","female","2017-2018","did_not_consume","0.568"
3,"9-11","female","2017-2018","1_metric_cup_or_less","0.405"
3,"9-11","female","2017-2018","more_than_1_to_less_than_2_cups","NULL"
3,"9-11","female","2017-2018","2_metric_cups_or_more","NULL"
3,"12-13","female","2017-2018","did_not_consume","0.323"
3,"12-13","female","2017-2018","1_metric_cup_or_less","0.56"
3,"12-13","female","2017-2018","more_than_1_to_less_than_2_cups","NULL"
3,"12-13","female","2017-2018","2_metric_cups_or_more","NULL"
3,"14-17","female","2017-2018","did_not_consume","0.543"
3,"14-17","female","2017-2018","1_metric_cup_or_less","0.302"
3,"14-17","female","2017-2018","more_than_1_to_less_than_2_cups","0.072"
3,"14-17","female","2017-2018","2_metric_cups_or_more","0.063"
4,"2-3","female","2017-2018","did_not_consume","1.423"
4,"2-3","female","2017-2018","1_metric_cup_or_less","NULL"
4,"2-3","female","2017-2018","more_than_1_to_less_than_2_cups","NULL"
4,"2-3","female","2017-2018","2_metric_cups_or_more","NULL"
4,"4-8","female","2017-2018","did_not_consume","0.727"
4,"4-8","female","2017-2018","1_metric_cup_or_less","0.289"
4,"4-8","female","2017-2018","more_than_1_to_less_than_2_cups","NULL"
4,"4-8","female","2017-2018","2_metric_cups_or_more","NULL"
4,"9-11","female","2017-2018","did_not_consume","0.358"
4,"9-11","female","2017-2018","1_metric_cup_or_less","0.625"
4,"9-11","female","2017-2018","more_than_1_to_less_than_2_cups","NULL"
4,"9-11","female","2017-2018","2_metric_cups_or_more","NULL"
4,"12-13","female","2017-2018","did_not_consume","0.267"
4,"12-13","female","2017-2018","1_metric_cup_or_less","0.456"
4,"12-13","female","2017-2018","more_than_1_to_less_than_2_cups","0.078"
4,"12-13","female","2017-2018","2_metric_cups_or_more","0.189"
4,"14-17","female","2017-2018","did_not_consume","0.488"
4,"14-17","female","2017-2018","1_metric_cup_or_less","0.449"
4,"14-17","female","2017-2018","more_than_1_to_less_than_2_cups","NULL"
4,"14-17","female","2017-2018","2_metric_cups_or_more","0.082"
5,"2-3","female","2017-2018","did_not_consume","0.456"
5,"2-3","female","2017-2018","1_metric_cup_or_less","0.198"
5,"2-3","female","2017-2018","more_than_1_to_less_than_2_cups","NULL"
5,"2-3","female","2017-2018","2_metric_cups_or_more","NULL"
5,"4-8","female","2017-2018","did_not_consume","0.69"
5,"4-8","female","2017-2018","1_metric_cup_or_less","0.294"
5,"4-8","female","2017-2018","more_than_1_to_less_than_2_cups","NULL"
5,"4-8","female","2017-2018","2_metric_cups_or_more","NULL"
5,"9-11","female","2017-2018","did_not_consume","0.697"
5,"9-11","female","2017-2018","1_metric_cup_or_less","0.23"
5,"9-11","female","2017-2018","more_than_1_to_less_than_2_cups","NULL"
5,"9-11","female","2017-2018","2_metric_cups_or_more","NULL"
5,"12-13","female","2017-2018","did_not_consume","0.768"
5,"12-13","female","2017-2018","1_metric_cup_or_less","0.386"
5,"12-13","female","2017-2018","more_than_1_to_less_than_2_cups","NULL"
5,"12-13","female","2017-2018","2_metric_cups_or_more","NULL"
5,"14-17","female","2017-2018","did_not_consume","0.513"
5,"14-17","female","2017-2018","1_metric_cup_or_less","0.352"
5,"14-17","female","2017-2018","more_than_1_to_less_than_2_cups","0.053"
5,"14-17","female","2017-2018","2_metric_cups_or_more","0.081"
6,"2-3","female","2017-2018","did_not_consume","1"
6,"2-3","female","2017-2018","1_metric_cup_or_less","NULL"
6,"2-3","female","2017-2018","more_than_1_to_less_than_2_cups","NULL"
6,"2-3","female","2017-2018","2_metric_cups_or_more","NULL"
6,"4-8","female","2017-2018","did_not_consume","0.572"
6,"4-8","female","2017-2018","1_metric_cup_or_less","0.474"
6,"4-8","female","2017-2018","more_than_1_to_less_than_2_cups","NULL"
6,"4-8","female","2017-2018","2_metric_cups_or_more","NULL"
6,"9-11","female","2017-2018","did_not_consume","0.533"
6,"9-11","female","2017-2018","1_metric_cup_or_less","0.344"
6,"9-11","female","2017-2018","more_than_1_to_less_than_2_cups","NULL"
6,"9-11","female","2017-2018","2_metric_cups_or_more","NULL"
6,"12-13","female","2017-2018","did_not_consume","0.895"
6,"12-13","female","2017-2018","1_metric_cup_or_less","0.316"
6,"12-13","female","2017-2018","more_than_1_to_less_than_2_cups","NULL"
6,"12-13","female","2017-2018","2_metric_cups_or_more","NULL"
6,"14-17","female","2017-2018","did_not_consume","0.6"
6,"14-17","female","2017-2018","1_metric_cup_or_less","0.166"
6,"14-17","female","2017-2018","more_than_1_to_less_than_2_cups","0.159"
6,"14-17","female","2017-2018","2_metric_cups_or_more","NULL"
7,"2-3","female","2017-2018","did_not_consume","0.929"
7,"2-3","female","2017-2018","1_metric_cup_or_less","0.107"
7,"2-3","female","2017-2018","more_than_1_to_less_than_2_cups","NULL"
7,"2-3","female","2017-2018","2_metric_cups_or_more","NULL"
7,"4-8","female","2017-2018","did_not_consume","0.635"
7,"4-8","female","2017-2018","1_metric_cup_or_less","0.413"
7,"4-8","female","2017-2018","more_than_1_to_less_than_2_cups","NULL"
7,"4-8","female","2017-2018","2_metric_cups_or_more","0.063"
7,"9-11","female","2017-2018","did_not_consume","0.548"
7,"9-11","female","2017-2018","1_metric_cup_or_less","0.484"
7,"9-11","female","2017-2018","more_than_1_to_less_than_2_cups","NULL"
7,"9-11","female","2017-2018","2_metric_cups_or_more","0.258"
7,"12-13","female","2017-2018","did_not_consume","0.391"
7,"12-13","female","2017-2018","1_metric_cup_or_less","0.391"
7,"12-13","female","2017-2018","more_than_1_to_less_than_2_cups","NULL"
7,"12-13","female","2017-2018","2_metric_cups_or_more","0.087"
7,"14-17","female","2017-2018","did_not_consume","0.528"
7,"14-17","female","2017-2018","1_metric_cup_or_less","0.417"
7,"14-17","female","2017-2018","more_than_1_to_less_than_2_cups","0.111"
7,"14-17","female","2017-2018","2_metric_cups_or_more","0.056"
8,"2-3","female","2017-2018","did_not_consume","1"
8,"2-3","female","2017-2018","1_metric_cup_or_less","NULL"
8,"2-3","female","2017-2018","more_than_1_to_less_than_2_cups","NULL"
8,"2-3","female","2017-2018","2_metric_cups_or_more","NULL"
8,"4-8","female","2017-2018","did_not_consume","0.777"
8,"4-8","female","2017-2018","1_metric_cup_or_less","0.266"
8,"4-8","female","2017-2018","more_than_1_to_less_than_2_cups","NULL"
8,"4-8","female","2017-2018","2_metric_cups_or_more","NULL"
8,"9-11","female","2017-2018","did_not_consume","0.458"
8,"9-11","female","2017-2018","1_metric_cup_or_less","0.398"
8,"9-11","female","2017-2018","more_than_1_to_less_than_2_cups","NULL"
8,"9-11","female","2017-2018","2_metric_cups_or_more","NULL"
8,"12-13","female","2017-2018","did_not_consume","0.8"
8,"12-13","female","2017-2018","1_metric_cup_or_less","0.2"
8,"12-13","female","2017-2018","more_than_1_to_less_than_2_cups","NULL"
8,"12-13","female","2017-2018","2_metric_cups_or_more","NULL"
8,"14-17","female","2017-2018","did_not_consume","0.463"
8,"14-17","female","2017-2018","1_metric_cup_or_less","0.347"
8,"14-17","female","2017-2018","more_than_1_to_less_than_2_cups","0.147"
8,"14-17","female","2017-2018","2_metric_cups_or_more","NULL"
