"SA4_CODE16","sex","age_group","year_range","type_of_road_user","rolling_average_fatally_injured_in_road_accident"
"101","all","17-25","2008-2017","driver","3"
"101","all","17-25","2008-2017","passenger","0"
"101","all","17-25","2008-2017","other","3"
"101","all","17-25","2009-2018","driver","4"
"101","all","17-25","2009-2018","passenger","1"
"101","all","17-25","2009-2018","other","3"
"101","all","17-25","2010-2019","driver","6"
"101","all","17-25","2010-2019","passenger","3"
"101","all","17-25","2010-2019","other","3"
"101","all","17-25","2011-2020","driver","7"
"101","all","17-25","2011-2020","passenger","3"
"101","all","17-25","2011-2020","other","3"
"101","all","17-25","2012-2021","driver","11"
"101","all","17-25","2012-2021","passenger","3"
"101","all","17-25","2012-2021","other","4"
"101","all","17-25","2013-2022","driver","16"
"101","all","17-25","2013-2022","passenger","3"
"101","all","17-25","2013-2022","other","4"
"102","all","17-25","2008-2017","driver","6"
"102","all","17-25","2008-2017","passenger","1"
"102","all","17-25","2008-2017","other","0"
"102","all","17-25","2009-2018","driver","7"
"102","all","17-25","2009-2018","passenger","2"
"102","all","17-25","2009-2018","other","3"
"102","all","17-25","2010-2019","driver","9"
"102","all","17-25","2010-2019","passenger","2"
"102","all","17-25","2010-2019","other","3"
"102","all","17-25","2011-2020","driver","10"
"102","all","17-25","2011-2020","passenger","3"
"102","all","17-25","2011-2020","other","3"
"102","all","17-25","2012-2021","driver","10"
"102","all","17-25","2012-2021","passenger","3"
"102","all","17-25","2012-2021","other","3"
"102","all","17-25","2013-2022","driver","11"
"102","all","17-25","2013-2022","passenger","3"
"102","all","17-25","2013-2022","other","3"
"103","all","17-25","2008-2017","driver","9"
"103","all","17-25","2008-2017","passenger","7"
"103","all","17-25","2008-2017","other","1"
"103","all","17-25","2009-2018","driver","15"
"103","all","17-25","2009-2018","passenger","7"
"103","all","17-25","2009-2018","other","1"
"103","all","17-25","2010-2019","driver","17"
"103","all","17-25","2010-2019","passenger","9"
"103","all","17-25","2010-2019","other","1"
"103","all","17-25","2011-2020","driver","19"
"103","all","17-25","2011-2020","passenger","9"
"103","all","17-25","2011-2020","other","1"
"103","all","17-25","2012-2021","driver","23"
"103","all","17-25","2012-2021","passenger","9"
"103","all","17-25","2012-2021","other","4"
"103","all","17-25","2013-2022","driver","24"
"103","all","17-25","2013-2022","passenger","10"
"103","all","17-25","2013-2022","other","5"
"104","all","17-25","2008-2017","driver","5"
"104","all","17-25","2008-2017","passenger","3"
"104","all","17-25","2008-2017","other","2"
"104","all","17-25","2009-2018","driver","7"
"104","all","17-25","2009-2018","passenger","5"
"104","all","17-25","2009-2018","other","2"
"104","all","17-25","2010-2019","driver","8"
"104","all","17-25","2010-2019","passenger","5"
"104","all","17-25","2010-2019","other","4"
"104","all","17-25","2011-2020","driver","10"
"104","all","17-25","2011-2020","passenger","7"
"104","all","17-25","2011-2020","other","4"
"104","all","17-25","2012-2021","driver","12"
"104","all","17-25","2012-2021","passenger","7"
"104","all","17-25","2012-2021","other","4"
"104","all","17-25","2013-2022","driver","12"
"104","all","17-25","2013-2022","passenger","7"
"104","all","17-25","2013-2022","other","4"
"105","all","17-25","2008-2017","driver","5"
"105","all","17-25","2008-2017","passenger","3"
"105","all","17-25","2008-2017","other","0"
"105","all","17-25","2009-2018","driver","7"
"105","all","17-25","2009-2018","passenger","5"
"105","all","17-25","2009-2018","other","1"
"105","all","17-25","2010-2019","driver","9"
"105","all","17-25","2010-2019","passenger","6"
"105","all","17-25","2010-2019","other","2"
"105","all","17-25","2011-2020","driver","9"
"105","all","17-25","2011-2020","passenger","7"
"105","all","17-25","2011-2020","other","2"
"105","all","17-25","2012-2021","driver","11"
"105","all","17-25","2012-2021","passenger","7"
"105","all","17-25","2012-2021","other","3"
"105","all","17-25","2013-2022","driver","11"
"105","all","17-25","2013-2022","passenger","9"
"105","all","17-25","2013-2022","other","3"
"106","all","17-25","2008-2017","driver","12"
"106","all","17-25","2008-2017","passenger","3"
"106","all","17-25","2008-2017","other","5"
"106","all","17-25","2009-2018","driver","16"
"106","all","17-25","2009-2018","passenger","4"
"106","all","17-25","2009-2018","other","7"
"106","all","17-25","2010-2019","driver","17"
"106","all","17-25","2010-2019","passenger","4"
"106","all","17-25","2010-2019","other","8"
"106","all","17-25","2011-2020","driver","17"
"106","all","17-25","2011-2020","passenger","4"
"106","all","17-25","2011-2020","other","8"
"106","all","17-25","2012-2021","driver","18"
"106","all","17-25","2012-2021","passenger","5"
"106","all","17-25","2012-2021","other","8"
"106","all","17-25","2013-2022","driver","20"
"106","all","17-25","2013-2022","passenger","5"
"106","all","17-25","2013-2022","other","9"
"107","all","17-25","2008-2017","driver","2"
"107","all","17-25","2008-2017","passenger","2"
"107","all","17-25","2008-2017","other","2"
"107","all","17-25","2009-2018","driver","4"
"107","all","17-25","2009-2018","passenger","2"
"107","all","17-25","2009-2018","other","3"
"107","all","17-25","2010-2019","driver","5"
"107","all","17-25","2010-2019","passenger","2"
"107","all","17-25","2010-2019","other","4"
"107","all","17-25","2011-2020","driver","6"
"107","all","17-25","2011-2020","passenger","3"
"107","all","17-25","2011-2020","other","7"
"107","all","17-25","2012-2021","driver","6"
"107","all","17-25","2012-2021","passenger","3"
"107","all","17-25","2012-2021","other","9"
"107","all","17-25","2013-2022","driver","6"
"107","all","17-25","2013-2022","passenger","3"
"107","all","17-25","2013-2022","other","10"
"108","all","17-25","2008-2017","driver","8"
"108","all","17-25","2008-2017","passenger","2"
"108","all","17-25","2008-2017","other","0"
"108","all","17-25","2009-2018","driver","12"
"108","all","17-25","2009-2018","passenger","3"
"108","all","17-25","2009-2018","other","1"
"108","all","17-25","2010-2019","driver","13"
"108","all","17-25","2010-2019","passenger","5"
"108","all","17-25","2010-2019","other","2"
"108","all","17-25","2011-2020","driver","14"
"108","all","17-25","2011-2020","passenger","5"
"108","all","17-25","2011-2020","other","2"
"108","all","17-25","2012-2021","driver","17"
"108","all","17-25","2012-2021","passenger","5"
"108","all","17-25","2012-2021","other","2"
"108","all","17-25","2013-2022","driver","17"
"108","all","17-25","2013-2022","passenger","5"
"108","all","17-25","2013-2022","other","2"
"109","all","17-25","2008-2017","driver","5"
"109","all","17-25","2008-2017","passenger","2"
"109","all","17-25","2008-2017","other","0"
"109","all","17-25","2009-2018","driver","7"
"109","all","17-25","2009-2018","passenger","3"
"109","all","17-25","2009-2018","other","1"
"109","all","17-25","2010-2019","driver","8"
"109","all","17-25","2010-2019","passenger","6"
"109","all","17-25","2010-2019","other","1"
"109","all","17-25","2011-2020","driver","11"
"109","all","17-25","2011-2020","passenger","6"
"109","all","17-25","2011-2020","other","1"
"109","all","17-25","2012-2021","driver","11"
"109","all","17-25","2012-2021","passenger","6"
"109","all","17-25","2012-2021","other","1"
"109","all","17-25","2013-2022","driver","14"
"109","all","17-25","2013-2022","passenger","6"
"109","all","17-25","2013-2022","other","2"
"110","all","17-25","2008-2017","driver","9"
"110","all","17-25","2008-2017","passenger","5"
"110","all","17-25","2008-2017","other","3"
"110","all","17-25","2009-2018","driver","13"
"110","all","17-25","2009-2018","passenger","6"
"110","all","17-25","2009-2018","other","4"
"110","all","17-25","2010-2019","driver","14"
"110","all","17-25","2010-2019","passenger","7"
"110","all","17-25","2010-2019","other","5"
"110","all","17-25","2011-2020","driver","15"
"110","all","17-25","2011-2020","passenger","8"
"110","all","17-25","2011-2020","other","5"
"110","all","17-25","2012-2021","driver","18"
"110","all","17-25","2012-2021","passenger","8"
"110","all","17-25","2012-2021","other","7"
"110","all","17-25","2013-2022","driver","21"
"110","all","17-25","2013-2022","passenger","8"
"110","all","17-25","2013-2022","other","7"
"111","all","17-25","2008-2017","driver","2"
"111","all","17-25","2008-2017","passenger","2"
"111","all","17-25","2008-2017","other","3"
"111","all","17-25","2009-2018","driver","3"
"111","all","17-25","2009-2018","passenger","2"
"111","all","17-25","2009-2018","other","3"
"111","all","17-25","2010-2019","driver","3"
"111","all","17-25","2010-2019","passenger","2"
"111","all","17-25","2010-2019","other","3"
"111","all","17-25","2011-2020","driver","3"
"111","all","17-25","2011-2020","passenger","2"
"111","all","17-25","2011-2020","other","4"
"111","all","17-25","2012-2021","driver","3"
"111","all","17-25","2012-2021","passenger","2"
"111","all","17-25","2012-2021","other","7"
"111","all","17-25","2013-2022","driver","5"
"111","all","17-25","2013-2022","passenger","2"
"111","all","17-25","2013-2022","other","9"
"112","all","17-25","2008-2017","driver","4"
"112","all","17-25","2008-2017","passenger","0"
"112","all","17-25","2008-2017","other","4"
"112","all","17-25","2009-2018","driver","6"
"112","all","17-25","2009-2018","passenger","0"
"112","all","17-25","2009-2018","other","5"
"112","all","17-25","2010-2019","driver","7"
"112","all","17-25","2010-2019","passenger","1"
"112","all","17-25","2010-2019","other","10"
"112","all","17-25","2011-2020","driver","10"
"112","all","17-25","2011-2020","passenger","1"
"112","all","17-25","2011-2020","other","10"
"112","all","17-25","2012-2021","driver","11"
"112","all","17-25","2012-2021","passenger","1"
"112","all","17-25","2012-2021","other","12"
"112","all","17-25","2013-2022","driver","11"
"112","all","17-25","2013-2022","passenger","1"
"112","all","17-25","2013-2022","other","14"
"113","all","17-25","2008-2017","driver","9"
"113","all","17-25","2008-2017","passenger","3"
"113","all","17-25","2008-2017","other","1"
"113","all","17-25","2009-2018","driver","12"
"113","all","17-25","2009-2018","passenger","5"
"113","all","17-25","2009-2018","other","1"
"113","all","17-25","2010-2019","driver","13"
"113","all","17-25","2010-2019","passenger","5"
"113","all","17-25","2010-2019","other","1"
"113","all","17-25","2011-2020","driver","16"
"113","all","17-25","2011-2020","passenger","5"
"113","all","17-25","2011-2020","other","2"
"113","all","17-25","2012-2021","driver","18"
"113","all","17-25","2012-2021","passenger","7"
"113","all","17-25","2012-2021","other","2"
"113","all","17-25","2013-2022","driver","19"
"113","all","17-25","2013-2022","passenger","8"
"113","all","17-25","2013-2022","other","2"
"114","all","17-25","2008-2017","driver","5"
"114","all","17-25","2008-2017","passenger","4"
"114","all","17-25","2008-2017","other","0"
"114","all","17-25","2009-2018","driver","5"
"114","all","17-25","2009-2018","passenger","4"
"114","all","17-25","2009-2018","other","0"
"114","all","17-25","2010-2019","driver","6"
"114","all","17-25","2010-2019","passenger","4"
"114","all","17-25","2010-2019","other","2"
"114","all","17-25","2011-2020","driver","6"
"114","all","17-25","2011-2020","passenger","4"
"114","all","17-25","2011-2020","other","2"
"114","all","17-25","2012-2021","driver","6"
"114","all","17-25","2012-2021","passenger","4"
"114","all","17-25","2012-2021","other","2"
"114","all","17-25","2013-2022","driver","6"
"114","all","17-25","2013-2022","passenger","5"
"114","all","17-25","2013-2022","other","2"
"115","all","17-25","2008-2017","driver","3"
"115","all","17-25","2008-2017","passenger","2"
"115","all","17-25","2008-2017","other","0"
"115","all","17-25","2009-2018","driver","4"
"115","all","17-25","2009-2018","passenger","2"
"115","all","17-25","2009-2018","other","0"
"115","all","17-25","2010-2019","driver","5"
"115","all","17-25","2010-2019","passenger","2"
"115","all","17-25","2010-2019","other","0"
"115","all","17-25","2011-2020","driver","6"
"115","all","17-25","2011-2020","passenger","2"
"115","all","17-25","2011-2020","other","0"
"115","all","17-25","2012-2021","driver","7"
"115","all","17-25","2012-2021","passenger","2"
"115","all","17-25","2012-2021","other","0"
"115","all","17-25","2013-2022","driver","8"
"115","all","17-25","2013-2022","passenger","2"
"115","all","17-25","2013-2022","other","1"
"116","all","17-25","2008-2017","driver","0"
"116","all","17-25","2008-2017","passenger","1"
"116","all","17-25","2008-2017","other","4"
"116","all","17-25","2009-2018","driver","1"
"116","all","17-25","2009-2018","passenger","2"
"116","all","17-25","2009-2018","other","4"
"116","all","17-25","2010-2019","driver","2"
"116","all","17-25","2010-2019","passenger","2"
"116","all","17-25","2010-2019","other","5"
"116","all","17-25","2011-2020","driver","3"
"116","all","17-25","2011-2020","passenger","4"
"116","all","17-25","2011-2020","other","5"
"116","all","17-25","2012-2021","driver","3"
"116","all","17-25","2012-2021","passenger","4"
"116","all","17-25","2012-2021","other","5"
"116","all","17-25","2013-2022","driver","3"
"116","all","17-25","2013-2022","passenger","4"
"116","all","17-25","2013-2022","other","7"
"117","all","17-25","2008-2017","driver","1"
"117","all","17-25","2008-2017","passenger","3"
"117","all","17-25","2008-2017","other","0"
"117","all","17-25","2009-2018","driver","1"
"117","all","17-25","2009-2018","passenger","3"
"117","all","17-25","2009-2018","other","2"
"117","all","17-25","2010-2019","driver","1"
"117","all","17-25","2010-2019","passenger","3"
"117","all","17-25","2010-2019","other","3"
"117","all","17-25","2011-2020","driver","1"
"117","all","17-25","2011-2020","passenger","3"
"117","all","17-25","2011-2020","other","4"
"117","all","17-25","2012-2021","driver","1"
"117","all","17-25","2012-2021","passenger","3"
"117","all","17-25","2012-2021","other","4"
"117","all","17-25","2013-2022","driver","1"
"117","all","17-25","2013-2022","passenger","3"
"117","all","17-25","2013-2022","other","6"
"118","all","17-25","2008-2017","driver","0"
"118","all","17-25","2008-2017","passenger","0"
"118","all","17-25","2008-2017","other","3"
"118","all","17-25","2009-2018","driver","0"
"118","all","17-25","2009-2018","passenger","0"
"118","all","17-25","2009-2018","other","3"
"118","all","17-25","2010-2019","driver","0"
"118","all","17-25","2010-2019","passenger","0"
"118","all","17-25","2010-2019","other","3"
"118","all","17-25","2011-2020","driver","0"
"118","all","17-25","2011-2020","passenger","0"
"118","all","17-25","2011-2020","other","4"
"118","all","17-25","2012-2021","driver","0"
"118","all","17-25","2012-2021","passenger","0"
"118","all","17-25","2012-2021","other","4"
"118","all","17-25","2013-2022","driver","0"
"118","all","17-25","2013-2022","passenger","0"
"118","all","17-25","2013-2022","other","4"
"119","all","17-25","2008-2017","driver","2"
"119","all","17-25","2008-2017","passenger","1"
"119","all","17-25","2008-2017","other","6"
"119","all","17-25","2009-2018","driver","2"
"119","all","17-25","2009-2018","passenger","2"
"119","all","17-25","2009-2018","other","6"
"119","all","17-25","2010-2019","driver","2"
"119","all","17-25","2010-2019","passenger","4"
"119","all","17-25","2010-2019","other","7"
"119","all","17-25","2011-2020","driver","3"
"119","all","17-25","2011-2020","passenger","6"
"119","all","17-25","2011-2020","other","9"
"119","all","17-25","2012-2021","driver","5"
"119","all","17-25","2012-2021","passenger","6"
"119","all","17-25","2012-2021","other","9"
"119","all","17-25","2013-2022","driver","5"
"119","all","17-25","2013-2022","passenger","6"
"119","all","17-25","2013-2022","other","11"
"120","all","17-25","2008-2017","driver","0"
"120","all","17-25","2008-2017","passenger","0"
"120","all","17-25","2008-2017","other","1"
"120","all","17-25","2009-2018","driver","1"
"120","all","17-25","2009-2018","passenger","0"
"120","all","17-25","2009-2018","other","1"
"120","all","17-25","2010-2019","driver","1"
"120","all","17-25","2010-2019","passenger","1"
"120","all","17-25","2010-2019","other","1"
"120","all","17-25","2011-2020","driver","1"
"120","all","17-25","2011-2020","passenger","1"
"120","all","17-25","2011-2020","other","1"
"120","all","17-25","2012-2021","driver","1"
"120","all","17-25","2012-2021","passenger","1"
"120","all","17-25","2012-2021","other","1"
"120","all","17-25","2013-2022","driver","2"
"120","all","17-25","2013-2022","passenger","1"
"120","all","17-25","2013-2022","other","2"
"121","all","17-25","2008-2017","driver","0"
"121","all","17-25","2008-2017","passenger","0"
"121","all","17-25","2008-2017","other","2"
"121","all","17-25","2009-2018","driver","1"
"121","all","17-25","2009-2018","passenger","0"
"121","all","17-25","2009-2018","other","4"
"121","all","17-25","2010-2019","driver","1"
"121","all","17-25","2010-2019","passenger","0"
"121","all","17-25","2010-2019","other","5"
"121","all","17-25","2011-2020","driver","2"
"121","all","17-25","2011-2020","passenger","0"
"121","all","17-25","2011-2020","other","5"
"121","all","17-25","2012-2021","driver","2"
"121","all","17-25","2012-2021","passenger","0"
"121","all","17-25","2012-2021","other","5"
"121","all","17-25","2013-2022","driver","2"
"121","all","17-25","2013-2022","passenger","1"
"121","all","17-25","2013-2022","other","5"
"122","all","17-25","2008-2017","driver","2"
"122","all","17-25","2008-2017","passenger","0"
"122","all","17-25","2008-2017","other","0"
"122","all","17-25","2009-2018","driver","2"
"122","all","17-25","2009-2018","passenger","0"
"122","all","17-25","2009-2018","other","0"
"122","all","17-25","2010-2019","driver","2"
"122","all","17-25","2010-2019","passenger","0"
"122","all","17-25","2010-2019","other","0"
"122","all","17-25","2011-2020","driver","2"
"122","all","17-25","2011-2020","passenger","1"
"122","all","17-25","2011-2020","other","0"
"122","all","17-25","2012-2021","driver","2"
"122","all","17-25","2012-2021","passenger","1"
"122","all","17-25","2012-2021","other","0"
"122","all","17-25","2013-2022","driver","2"
"122","all","17-25","2013-2022","passenger","1"
"122","all","17-25","2013-2022","other","0"
"123","all","17-25","2008-2017","driver","1"
"123","all","17-25","2008-2017","passenger","1"
"123","all","17-25","2008-2017","other","1"
"123","all","17-25","2009-2018","driver","3"
"123","all","17-25","2009-2018","passenger","2"
"123","all","17-25","2009-2018","other","1"
"123","all","17-25","2010-2019","driver","3"
"123","all","17-25","2010-2019","passenger","2"
"123","all","17-25","2010-2019","other","1"
"123","all","17-25","2011-2020","driver","4"
"123","all","17-25","2011-2020","passenger","3"
"123","all","17-25","2011-2020","other","2"
"123","all","17-25","2012-2021","driver","4"
"123","all","17-25","2012-2021","passenger","3"
"123","all","17-25","2012-2021","other","4"
"123","all","17-25","2013-2022","driver","4"
"123","all","17-25","2013-2022","passenger","3"
"123","all","17-25","2013-2022","other","5"
"124","all","17-25","2008-2017","driver","2"
"124","all","17-25","2008-2017","passenger","2"
"124","all","17-25","2008-2017","other","0"
"124","all","17-25","2009-2018","driver","4"
"124","all","17-25","2009-2018","passenger","4"
"124","all","17-25","2009-2018","other","1"
"124","all","17-25","2010-2019","driver","6"
"124","all","17-25","2010-2019","passenger","4"
"124","all","17-25","2010-2019","other","1"
"124","all","17-25","2011-2020","driver","6"
"124","all","17-25","2011-2020","passenger","4"
"124","all","17-25","2011-2020","other","1"
"124","all","17-25","2012-2021","driver","7"
"124","all","17-25","2012-2021","passenger","4"
"124","all","17-25","2012-2021","other","2"
"124","all","17-25","2013-2022","driver","9"
"124","all","17-25","2013-2022","passenger","5"
"124","all","17-25","2013-2022","other","3"
"125","all","17-25","2008-2017","driver","1"
"125","all","17-25","2008-2017","passenger","0"
"125","all","17-25","2008-2017","other","8"
"125","all","17-25","2009-2018","driver","1"
"125","all","17-25","2009-2018","passenger","0"
"125","all","17-25","2009-2018","other","9"
"125","all","17-25","2010-2019","driver","1"
"125","all","17-25","2010-2019","passenger","1"
"125","all","17-25","2010-2019","other","10"
"125","all","17-25","2011-2020","driver","3"
"125","all","17-25","2011-2020","passenger","1"
"125","all","17-25","2011-2020","other","11"
"125","all","17-25","2012-2021","driver","4"
"125","all","17-25","2012-2021","passenger","1"
"125","all","17-25","2012-2021","other","11"
"125","all","17-25","2013-2022","driver","4"
"125","all","17-25","2013-2022","passenger","1"
"125","all","17-25","2013-2022","other","12"
"126","all","17-25","2008-2017","driver","1"
"126","all","17-25","2008-2017","passenger","0"
"126","all","17-25","2008-2017","other","1"
"126","all","17-25","2009-2018","driver","1"
"126","all","17-25","2009-2018","passenger","0"
"126","all","17-25","2009-2018","other","1"
"126","all","17-25","2010-2019","driver","1"
"126","all","17-25","2010-2019","passenger","1"
"126","all","17-25","2010-2019","other","1"
"126","all","17-25","2011-2020","driver","1"
"126","all","17-25","2011-2020","passenger","1"
"126","all","17-25","2011-2020","other","1"
"126","all","17-25","2012-2021","driver","2"
"126","all","17-25","2012-2021","passenger","2"
"126","all","17-25","2012-2021","other","1"
"126","all","17-25","2013-2022","driver","2"
"126","all","17-25","2013-2022","passenger","2"
"126","all","17-25","2013-2022","other","1"
"127","all","17-25","2008-2017","driver","4"
"127","all","17-25","2008-2017","passenger","0"
"127","all","17-25","2008-2017","other","5"
"127","all","17-25","2009-2018","driver","4"
"127","all","17-25","2009-2018","passenger","0"
"127","all","17-25","2009-2018","other","7"
"127","all","17-25","2010-2019","driver","4"
"127","all","17-25","2010-2019","passenger","0"
"127","all","17-25","2010-2019","other","11"
"127","all","17-25","2011-2020","driver","5"
"127","all","17-25","2011-2020","passenger","1"
"127","all","17-25","2011-2020","other","12"
"127","all","17-25","2012-2021","driver","7"
"127","all","17-25","2012-2021","passenger","1"
"127","all","17-25","2012-2021","other","14"
"127","all","17-25","2013-2022","driver","7"
"127","all","17-25","2013-2022","passenger","2"
"127","all","17-25","2013-2022","other","16"
"128","all","17-25","2008-2017","driver","4"
"128","all","17-25","2008-2017","passenger","0"
"128","all","17-25","2008-2017","other","2"
"128","all","17-25","2009-2018","driver","4"
"128","all","17-25","2009-2018","passenger","0"
"128","all","17-25","2009-2018","other","2"
"128","all","17-25","2010-2019","driver","4"
"128","all","17-25","2010-2019","passenger","0"
"128","all","17-25","2010-2019","other","2"
"128","all","17-25","2011-2020","driver","5"
"128","all","17-25","2011-2020","passenger","1"
"128","all","17-25","2011-2020","other","2"
"128","all","17-25","2012-2021","driver","5"
"128","all","17-25","2012-2021","passenger","1"
"128","all","17-25","2012-2021","other","2"
"128","all","17-25","2013-2022","driver","6"
"128","all","17-25","2013-2022","passenger","2"
"128","all","17-25","2013-2022","other","3"
"201","all","17-25","2008-2017","driver","4"
"201","all","17-25","2008-2017","passenger","2"
"201","all","17-25","2008-2017","other","1"
"201","all","17-25","2009-2018","driver","5"
"201","all","17-25","2009-2018","passenger","3"
"201","all","17-25","2009-2018","other","1"
"201","all","17-25","2010-2019","driver","6"
"201","all","17-25","2010-2019","passenger","5"
"201","all","17-25","2010-2019","other","2"
"201","all","17-25","2011-2020","driver","7"
"201","all","17-25","2011-2020","passenger","5"
"201","all","17-25","2011-2020","other","2"
"201","all","17-25","2012-2021","driver","8"
"201","all","17-25","2012-2021","passenger","5"
"201","all","17-25","2012-2021","other","2"
"201","all","17-25","2013-2022","driver","8"
"201","all","17-25","2013-2022","passenger","6"
"201","all","17-25","2013-2022","other","2"
"202","all","17-25","2008-2017","driver","4"
"202","all","17-25","2008-2017","passenger","0"
"202","all","17-25","2008-2017","other","1"
"202","all","17-25","2009-2018","driver","5"
"202","all","17-25","2009-2018","passenger","1"
"202","all","17-25","2009-2018","other","1"
"202","all","17-25","2010-2019","driver","8"
"202","all","17-25","2010-2019","passenger","1"
"202","all","17-25","2010-2019","other","2"
"202","all","17-25","2011-2020","driver","9"
"202","all","17-25","2011-2020","passenger","1"
"202","all","17-25","2011-2020","other","2"
"202","all","17-25","2012-2021","driver","10"
"202","all","17-25","2012-2021","passenger","1"
"202","all","17-25","2012-2021","other","2"
"202","all","17-25","2013-2022","driver","12"
"202","all","17-25","2013-2022","passenger","1"
"202","all","17-25","2013-2022","other","4"
"203","all","17-25","2008-2017","driver","5"
"203","all","17-25","2008-2017","passenger","2"
"203","all","17-25","2008-2017","other","1"
"203","all","17-25","2009-2018","driver","5"
"203","all","17-25","2009-2018","passenger","2"
"203","all","17-25","2009-2018","other","1"
"203","all","17-25","2010-2019","driver","7"
"203","all","17-25","2010-2019","passenger","2"
"203","all","17-25","2010-2019","other","2"
"203","all","17-25","2011-2020","driver","7"
"203","all","17-25","2011-2020","passenger","2"
"203","all","17-25","2011-2020","other","2"
"203","all","17-25","2012-2021","driver","7"
"203","all","17-25","2012-2021","passenger","2"
"203","all","17-25","2012-2021","other","2"
"203","all","17-25","2013-2022","driver","7"
"203","all","17-25","2013-2022","passenger","2"
"203","all","17-25","2013-2022","other","2"
"204","all","17-25","2008-2017","driver","8"
"204","all","17-25","2008-2017","passenger","3"
"204","all","17-25","2008-2017","other","0"
"204","all","17-25","2009-2018","driver","9"
"204","all","17-25","2009-2018","passenger","3"
"204","all","17-25","2009-2018","other","0"
"204","all","17-25","2010-2019","driver","11"
"204","all","17-25","2010-2019","passenger","3"
"204","all","17-25","2010-2019","other","1"
"204","all","17-25","2011-2020","driver","11"
"204","all","17-25","2011-2020","passenger","3"
"204","all","17-25","2011-2020","other","1"
"204","all","17-25","2012-2021","driver","13"
"204","all","17-25","2012-2021","passenger","3"
"204","all","17-25","2012-2021","other","2"
"204","all","17-25","2013-2022","driver","15"
"204","all","17-25","2013-2022","passenger","3"
"204","all","17-25","2013-2022","other","3"
"205","all","17-25","2008-2017","driver","10"
"205","all","17-25","2008-2017","passenger","2"
"205","all","17-25","2008-2017","other","0"
"205","all","17-25","2009-2018","driver","11"
"205","all","17-25","2009-2018","passenger","2"
"205","all","17-25","2009-2018","other","0"
"205","all","17-25","2010-2019","driver","14"
"205","all","17-25","2010-2019","passenger","5"
"205","all","17-25","2010-2019","other","1"
"205","all","17-25","2011-2020","driver","17"
"205","all","17-25","2011-2020","passenger","6"
"205","all","17-25","2011-2020","other","1"
"205","all","17-25","2012-2021","driver","22"
"205","all","17-25","2012-2021","passenger","7"
"205","all","17-25","2012-2021","other","1"
"205","all","17-25","2013-2022","driver","26"
"205","all","17-25","2013-2022","passenger","9"
"205","all","17-25","2013-2022","other","1"
"206","all","17-25","2008-2017","driver","0"
"206","all","17-25","2008-2017","passenger","0"
"206","all","17-25","2008-2017","other","1"
"206","all","17-25","2009-2018","driver","2"
"206","all","17-25","2009-2018","passenger","1"
"206","all","17-25","2009-2018","other","1"
"206","all","17-25","2010-2019","driver","2"
"206","all","17-25","2010-2019","passenger","1"
"206","all","17-25","2010-2019","other","2"
"206","all","17-25","2011-2020","driver","3"
"206","all","17-25","2011-2020","passenger","1"
"206","all","17-25","2011-2020","other","4"
"206","all","17-25","2012-2021","driver","3"
"206","all","17-25","2012-2021","passenger","1"
"206","all","17-25","2012-2021","other","5"
"206","all","17-25","2013-2022","driver","3"
"206","all","17-25","2013-2022","passenger","1"
"206","all","17-25","2013-2022","other","5"
"207","all","17-25","2008-2017","driver","0"
"207","all","17-25","2008-2017","passenger","0"
"207","all","17-25","2008-2017","other","0"
"207","all","17-25","2009-2018","driver","0"
"207","all","17-25","2009-2018","passenger","0"
"207","all","17-25","2009-2018","other","0"
"207","all","17-25","2010-2019","driver","0"
"207","all","17-25","2010-2019","passenger","0"
"207","all","17-25","2010-2019","other","0"
"207","all","17-25","2011-2020","driver","0"
"207","all","17-25","2011-2020","passenger","0"
"207","all","17-25","2011-2020","other","1"
"207","all","17-25","2012-2021","driver","0"
"207","all","17-25","2012-2021","passenger","1"
"207","all","17-25","2012-2021","other","1"
"207","all","17-25","2013-2022","driver","0"
"207","all","17-25","2013-2022","passenger","1"
"207","all","17-25","2013-2022","other","1"
"208","all","17-25","2008-2017","driver","1"
"208","all","17-25","2008-2017","passenger","0"
"208","all","17-25","2008-2017","other","2"
"208","all","17-25","2009-2018","driver","2"
"208","all","17-25","2009-2018","passenger","0"
"208","all","17-25","2009-2018","other","2"
"208","all","17-25","2010-2019","driver","2"
"208","all","17-25","2010-2019","passenger","0"
"208","all","17-25","2010-2019","other","2"
"208","all","17-25","2011-2020","driver","2"
"208","all","17-25","2011-2020","passenger","0"
"208","all","17-25","2011-2020","other","2"
"208","all","17-25","2012-2021","driver","2"
"208","all","17-25","2012-2021","passenger","0"
"208","all","17-25","2012-2021","other","2"
"208","all","17-25","2013-2022","driver","2"
"208","all","17-25","2013-2022","passenger","0"
"208","all","17-25","2013-2022","other","2"
"209","all","17-25","2008-2017","driver","0"
"209","all","17-25","2008-2017","passenger","1"
"209","all","17-25","2008-2017","other","2"
"209","all","17-25","2009-2018","driver","1"
"209","all","17-25","2009-2018","passenger","1"
"209","all","17-25","2009-2018","other","2"
"209","all","17-25","2010-2019","driver","1"
"209","all","17-25","2010-2019","passenger","1"
"209","all","17-25","2010-2019","other","2"
"209","all","17-25","2011-2020","driver","2"
"209","all","17-25","2011-2020","passenger","1"
"209","all","17-25","2011-2020","other","4"
"209","all","17-25","2012-2021","driver","4"
"209","all","17-25","2012-2021","passenger","2"
"209","all","17-25","2012-2021","other","4"
"209","all","17-25","2013-2022","driver","6"
"209","all","17-25","2013-2022","passenger","2"
"209","all","17-25","2013-2022","other","5"
"210","all","17-25","2008-2017","driver","3"
"210","all","17-25","2008-2017","passenger","0"
"210","all","17-25","2008-2017","other","0"
"210","all","17-25","2009-2018","driver","5"
"210","all","17-25","2009-2018","passenger","1"
"210","all","17-25","2009-2018","other","2"
"210","all","17-25","2010-2019","driver","8"
"210","all","17-25","2010-2019","passenger","2"
"210","all","17-25","2010-2019","other","3"
"210","all","17-25","2011-2020","driver","8"
"210","all","17-25","2011-2020","passenger","2"
"210","all","17-25","2011-2020","other","3"
"210","all","17-25","2012-2021","driver","11"
"210","all","17-25","2012-2021","passenger","3"
"210","all","17-25","2012-2021","other","4"
"210","all","17-25","2013-2022","driver","11"
"210","all","17-25","2013-2022","passenger","3"
"210","all","17-25","2013-2022","other","7"
"211","all","17-25","2008-2017","driver","1"
"211","all","17-25","2008-2017","passenger","3"
"211","all","17-25","2008-2017","other","0"
"211","all","17-25","2009-2018","driver","1"
"211","all","17-25","2009-2018","passenger","3"
"211","all","17-25","2009-2018","other","1"
"211","all","17-25","2010-2019","driver","2"
"211","all","17-25","2010-2019","passenger","4"
"211","all","17-25","2010-2019","other","1"
"211","all","17-25","2011-2020","driver","4"
"211","all","17-25","2011-2020","passenger","4"
"211","all","17-25","2011-2020","other","2"
"211","all","17-25","2012-2021","driver","4"
"211","all","17-25","2012-2021","passenger","4"
"211","all","17-25","2012-2021","other","2"
"211","all","17-25","2013-2022","driver","6"
"211","all","17-25","2013-2022","passenger","4"
"211","all","17-25","2013-2022","other","4"
"212","all","17-25","2008-2017","driver","3"
"212","all","17-25","2008-2017","passenger","2"
"212","all","17-25","2008-2017","other","1"
"212","all","17-25","2009-2018","driver","4"
"212","all","17-25","2009-2018","passenger","2"
"212","all","17-25","2009-2018","other","4"
"212","all","17-25","2010-2019","driver","7"
"212","all","17-25","2010-2019","passenger","5"
"212","all","17-25","2010-2019","other","7"
"212","all","17-25","2011-2020","driver","7"
"212","all","17-25","2011-2020","passenger","5"
"212","all","17-25","2011-2020","other","8"
"212","all","17-25","2012-2021","driver","10"
"212","all","17-25","2012-2021","passenger","5"
"212","all","17-25","2012-2021","other","11"
"212","all","17-25","2013-2022","driver","10"
"212","all","17-25","2013-2022","passenger","5"
"212","all","17-25","2013-2022","other","13"
"213","all","17-25","2008-2017","driver","6"
"213","all","17-25","2008-2017","passenger","2"
"213","all","17-25","2008-2017","other","2"
"213","all","17-25","2009-2018","driver","6"
"213","all","17-25","2009-2018","passenger","2"
"213","all","17-25","2009-2018","other","3"
"213","all","17-25","2010-2019","driver","6"
"213","all","17-25","2010-2019","passenger","2"
"213","all","17-25","2010-2019","other","5"
"213","all","17-25","2011-2020","driver","7"
"213","all","17-25","2011-2020","passenger","2"
"213","all","17-25","2011-2020","other","5"
"213","all","17-25","2012-2021","driver","8"
"213","all","17-25","2012-2021","passenger","3"
"213","all","17-25","2012-2021","other","5"
"213","all","17-25","2013-2022","driver","8"
"213","all","17-25","2013-2022","passenger","4"
"213","all","17-25","2013-2022","other","8"
"214","all","17-25","2008-2017","driver","3"
"214","all","17-25","2008-2017","passenger","1"
"214","all","17-25","2008-2017","other","1"
"214","all","17-25","2009-2018","driver","4"
"214","all","17-25","2009-2018","passenger","2"
"214","all","17-25","2009-2018","other","2"
"214","all","17-25","2010-2019","driver","5"
"214","all","17-25","2010-2019","passenger","5"
"214","all","17-25","2010-2019","other","2"
"214","all","17-25","2011-2020","driver","5"
"214","all","17-25","2011-2020","passenger","6"
"214","all","17-25","2011-2020","other","3"
"214","all","17-25","2012-2021","driver","7"
"214","all","17-25","2012-2021","passenger","6"
"214","all","17-25","2012-2021","other","3"
"214","all","17-25","2013-2022","driver","7"
"214","all","17-25","2013-2022","passenger","6"
"214","all","17-25","2013-2022","other","3"
"215","all","17-25","2008-2017","driver","4"
"215","all","17-25","2008-2017","passenger","1"
"215","all","17-25","2008-2017","other","2"
"215","all","17-25","2009-2018","driver","4"
"215","all","17-25","2009-2018","passenger","3"
"215","all","17-25","2009-2018","other","2"
"215","all","17-25","2010-2019","driver","5"
"215","all","17-25","2010-2019","passenger","5"
"215","all","17-25","2010-2019","other","3"
"215","all","17-25","2011-2020","driver","9"
"215","all","17-25","2011-2020","passenger","6"
"215","all","17-25","2011-2020","other","5"
"215","all","17-25","2012-2021","driver","10"
"215","all","17-25","2012-2021","passenger","6"
"215","all","17-25","2012-2021","other","6"
"215","all","17-25","2013-2022","driver","13"
"215","all","17-25","2013-2022","passenger","6"
"215","all","17-25","2013-2022","other","6"
"216","all","17-25","2008-2017","driver","5"
"216","all","17-25","2008-2017","passenger","1"
"216","all","17-25","2008-2017","other","1"
"216","all","17-25","2009-2018","driver","5"
"216","all","17-25","2009-2018","passenger","1"
"216","all","17-25","2009-2018","other","1"
"216","all","17-25","2010-2019","driver","5"
"216","all","17-25","2010-2019","passenger","2"
"216","all","17-25","2010-2019","other","3"
"216","all","17-25","2011-2020","driver","8"
"216","all","17-25","2011-2020","passenger","4"
"216","all","17-25","2011-2020","other","3"
"216","all","17-25","2012-2021","driver","9"
"216","all","17-25","2012-2021","passenger","4"
"216","all","17-25","2012-2021","other","3"
"216","all","17-25","2013-2022","driver","11"
"216","all","17-25","2013-2022","passenger","6"
"216","all","17-25","2013-2022","other","3"
"217","all","17-25","2008-2017","driver","1"
"217","all","17-25","2008-2017","passenger","2"
"217","all","17-25","2008-2017","other","1"
"217","all","17-25","2009-2018","driver","3"
"217","all","17-25","2009-2018","passenger","2"
"217","all","17-25","2009-2018","other","1"
"217","all","17-25","2010-2019","driver","3"
"217","all","17-25","2010-2019","passenger","2"
"217","all","17-25","2010-2019","other","3"
"217","all","17-25","2011-2020","driver","4"
"217","all","17-25","2011-2020","passenger","2"
"217","all","17-25","2011-2020","other","3"
"217","all","17-25","2012-2021","driver","6"
"217","all","17-25","2012-2021","passenger","3"
"217","all","17-25","2012-2021","other","3"
"217","all","17-25","2013-2022","driver","8"
"217","all","17-25","2013-2022","passenger","5"
"217","all","17-25","2013-2022","other","4"
"301","all","17-25","2008-2017","driver","0"
"301","all","17-25","2008-2017","passenger","0"
"301","all","17-25","2008-2017","other","0"
"301","all","17-25","2009-2018","driver","1"
"301","all","17-25","2009-2018","passenger","1"
"301","all","17-25","2009-2018","other","0"
"301","all","17-25","2010-2019","driver","1"
"301","all","17-25","2010-2019","passenger","1"
"301","all","17-25","2010-2019","other","0"
"301","all","17-25","2011-2020","driver","1"
"301","all","17-25","2011-2020","passenger","1"
"301","all","17-25","2011-2020","other","1"
"301","all","17-25","2012-2021","driver","2"
"301","all","17-25","2012-2021","passenger","1"
"301","all","17-25","2012-2021","other","1"
"301","all","17-25","2013-2022","driver","3"
"301","all","17-25","2013-2022","passenger","1"
"301","all","17-25","2013-2022","other","1"
"302","all","17-25","2008-2017","driver","0"
"302","all","17-25","2008-2017","passenger","0"
"302","all","17-25","2008-2017","other","0"
"302","all","17-25","2009-2018","driver","0"
"302","all","17-25","2009-2018","passenger","0"
"302","all","17-25","2009-2018","other","1"
"302","all","17-25","2010-2019","driver","1"
"302","all","17-25","2010-2019","passenger","0"
"302","all","17-25","2010-2019","other","1"
"302","all","17-25","2011-2020","driver","1"
"302","all","17-25","2011-2020","passenger","0"
"302","all","17-25","2011-2020","other","1"
"302","all","17-25","2012-2021","driver","1"
"302","all","17-25","2012-2021","passenger","0"
"302","all","17-25","2012-2021","other","1"
"302","all","17-25","2013-2022","driver","1"
"302","all","17-25","2013-2022","passenger","0"
"302","all","17-25","2013-2022","other","2"
"303","all","17-25","2008-2017","driver","0"
"303","all","17-25","2008-2017","passenger","0"
"303","all","17-25","2008-2017","other","0"
"303","all","17-25","2009-2018","driver","1"
"303","all","17-25","2009-2018","passenger","1"
"303","all","17-25","2009-2018","other","0"
"303","all","17-25","2010-2019","driver","1"
"303","all","17-25","2010-2019","passenger","1"
"303","all","17-25","2010-2019","other","1"
"303","all","17-25","2011-2020","driver","1"
"303","all","17-25","2011-2020","passenger","2"
"303","all","17-25","2011-2020","other","1"
"303","all","17-25","2012-2021","driver","2"
"303","all","17-25","2012-2021","passenger","2"
"303","all","17-25","2012-2021","other","3"
"303","all","17-25","2013-2022","driver","2"
"303","all","17-25","2013-2022","passenger","2"
"303","all","17-25","2013-2022","other","4"
"304","all","17-25","2008-2017","driver","0"
"304","all","17-25","2008-2017","passenger","0"
"304","all","17-25","2008-2017","other","0"
"304","all","17-25","2009-2018","driver","0"
"304","all","17-25","2009-2018","passenger","0"
"304","all","17-25","2009-2018","other","0"
"304","all","17-25","2010-2019","driver","0"
"304","all","17-25","2010-2019","passenger","0"
"304","all","17-25","2010-2019","other","0"
"304","all","17-25","2011-2020","driver","0"
"304","all","17-25","2011-2020","passenger","0"
"304","all","17-25","2011-2020","other","0"
"304","all","17-25","2012-2021","driver","0"
"304","all","17-25","2012-2021","passenger","0"
"304","all","17-25","2012-2021","other","0"
"304","all","17-25","2013-2022","driver","0"
"304","all","17-25","2013-2022","passenger","1"
"304","all","17-25","2013-2022","other","0"
"305","all","17-25","2008-2017","driver","0"
"305","all","17-25","2008-2017","passenger","0"
"305","all","17-25","2008-2017","other","0"
"305","all","17-25","2009-2018","driver","0"
"305","all","17-25","2009-2018","passenger","0"
"305","all","17-25","2009-2018","other","0"
"305","all","17-25","2010-2019","driver","1"
"305","all","17-25","2010-2019","passenger","0"
"305","all","17-25","2010-2019","other","0"
"305","all","17-25","2011-2020","driver","1"
"305","all","17-25","2011-2020","passenger","0"
"305","all","17-25","2011-2020","other","1"
"305","all","17-25","2012-2021","driver","1"
"305","all","17-25","2012-2021","passenger","0"
"305","all","17-25","2012-2021","other","1"
"305","all","17-25","2013-2022","driver","1"
"305","all","17-25","2013-2022","passenger","0"
"305","all","17-25","2013-2022","other","1"
"306","all","17-25","2008-2017","driver","0"
"306","all","17-25","2008-2017","passenger","0"
"306","all","17-25","2008-2017","other","0"
"306","all","17-25","2009-2018","driver","2"
"306","all","17-25","2009-2018","passenger","0"
"306","all","17-25","2009-2018","other","1"
"306","all","17-25","2010-2019","driver","5"
"306","all","17-25","2010-2019","passenger","3"
"306","all","17-25","2010-2019","other","3"
"306","all","17-25","2011-2020","driver","8"
"306","all","17-25","2011-2020","passenger","3"
"306","all","17-25","2011-2020","other","5"
"306","all","17-25","2012-2021","driver","9"
"306","all","17-25","2012-2021","passenger","4"
"306","all","17-25","2012-2021","other","7"
"306","all","17-25","2013-2022","driver","16"
"306","all","17-25","2013-2022","passenger","4"
"306","all","17-25","2013-2022","other","8"
"307","all","17-25","2008-2017","driver","0"
"307","all","17-25","2008-2017","passenger","0"
"307","all","17-25","2008-2017","other","0"
"307","all","17-25","2009-2018","driver","3"
"307","all","17-25","2009-2018","passenger","2"
"307","all","17-25","2009-2018","other","1"
"307","all","17-25","2010-2019","driver","10"
"307","all","17-25","2010-2019","passenger","4"
"307","all","17-25","2010-2019","other","1"
"307","all","17-25","2011-2020","driver","13"
"307","all","17-25","2011-2020","passenger","4"
"307","all","17-25","2011-2020","other","1"
"307","all","17-25","2012-2021","driver","16"
"307","all","17-25","2012-2021","passenger","5"
"307","all","17-25","2012-2021","other","2"
"307","all","17-25","2013-2022","driver","21"
"307","all","17-25","2013-2022","passenger","6"
"307","all","17-25","2013-2022","other","3"
"308","all","17-25","2008-2017","driver","0"
"308","all","17-25","2008-2017","passenger","0"
"308","all","17-25","2008-2017","other","0"
"308","all","17-25","2009-2018","driver","3"
"308","all","17-25","2009-2018","passenger","0"
"308","all","17-25","2009-2018","other","1"
"308","all","17-25","2010-2019","driver","7"
"308","all","17-25","2010-2019","passenger","1"
"308","all","17-25","2010-2019","other","1"
"308","all","17-25","2011-2020","driver","10"
"308","all","17-25","2011-2020","passenger","3"
"308","all","17-25","2011-2020","other","1"
"308","all","17-25","2012-2021","driver","11"
"308","all","17-25","2012-2021","passenger","3"
"308","all","17-25","2012-2021","other","2"
"308","all","17-25","2013-2022","driver","12"
"308","all","17-25","2013-2022","passenger","5"
"308","all","17-25","2013-2022","other","2"
"309","all","17-25","2008-2017","driver","0"
"309","all","17-25","2008-2017","passenger","0"
"309","all","17-25","2008-2017","other","0"
"309","all","17-25","2009-2018","driver","4"
"309","all","17-25","2009-2018","passenger","0"
"309","all","17-25","2009-2018","other","1"
"309","all","17-25","2010-2019","driver","5"
"309","all","17-25","2010-2019","passenger","0"
"309","all","17-25","2010-2019","other","2"
"309","all","17-25","2011-2020","driver","7"
"309","all","17-25","2011-2020","passenger","4"
"309","all","17-25","2011-2020","other","2"
"309","all","17-25","2012-2021","driver","7"
"309","all","17-25","2012-2021","passenger","4"
"309","all","17-25","2012-2021","other","6"
"309","all","17-25","2013-2022","driver","9"
"309","all","17-25","2013-2022","passenger","4"
"309","all","17-25","2013-2022","other","6"
"310","all","17-25","2008-2017","driver","0"
"310","all","17-25","2008-2017","passenger","0"
"310","all","17-25","2008-2017","other","0"
"310","all","17-25","2009-2018","driver","1"
"310","all","17-25","2009-2018","passenger","0"
"310","all","17-25","2009-2018","other","1"
"310","all","17-25","2010-2019","driver","4"
"310","all","17-25","2010-2019","passenger","0"
"310","all","17-25","2010-2019","other","1"
"310","all","17-25","2011-2020","driver","4"
"310","all","17-25","2011-2020","passenger","0"
"310","all","17-25","2011-2020","other","1"
"310","all","17-25","2012-2021","driver","5"
"310","all","17-25","2012-2021","passenger","1"
"310","all","17-25","2012-2021","other","1"
"310","all","17-25","2013-2022","driver","7"
"310","all","17-25","2013-2022","passenger","1"
"310","all","17-25","2013-2022","other","2"
"311","all","17-25","2008-2017","driver","0"
"311","all","17-25","2008-2017","passenger","0"
"311","all","17-25","2008-2017","other","0"
"311","all","17-25","2009-2018","driver","0"
"311","all","17-25","2009-2018","passenger","0"
"311","all","17-25","2009-2018","other","1"
"311","all","17-25","2010-2019","driver","2"
"311","all","17-25","2010-2019","passenger","0"
"311","all","17-25","2010-2019","other","1"
"311","all","17-25","2011-2020","driver","4"
"311","all","17-25","2011-2020","passenger","1"
"311","all","17-25","2011-2020","other","2"
"311","all","17-25","2012-2021","driver","7"
"311","all","17-25","2012-2021","passenger","1"
"311","all","17-25","2012-2021","other","3"
"311","all","17-25","2013-2022","driver","8"
"311","all","17-25","2013-2022","passenger","2"
"311","all","17-25","2013-2022","other","3"
"312","all","17-25","2008-2017","driver","0"
"312","all","17-25","2008-2017","passenger","0"
"312","all","17-25","2008-2017","other","0"
"312","all","17-25","2009-2018","driver","2"
"312","all","17-25","2009-2018","passenger","0"
"312","all","17-25","2009-2018","other","0"
"312","all","17-25","2010-2019","driver","3"
"312","all","17-25","2010-2019","passenger","0"
"312","all","17-25","2010-2019","other","0"
"312","all","17-25","2011-2020","driver","4"
"312","all","17-25","2011-2020","passenger","0"
"312","all","17-25","2011-2020","other","0"
"312","all","17-25","2012-2021","driver","5"
"312","all","17-25","2012-2021","passenger","2"
"312","all","17-25","2012-2021","other","0"
"312","all","17-25","2013-2022","driver","7"
"312","all","17-25","2013-2022","passenger","2"
"312","all","17-25","2013-2022","other","4"
"313","all","17-25","2008-2017","driver","0"
"313","all","17-25","2008-2017","passenger","0"
"313","all","17-25","2008-2017","other","0"
"313","all","17-25","2009-2018","driver","1"
"313","all","17-25","2009-2018","passenger","0"
"313","all","17-25","2009-2018","other","1"
"313","all","17-25","2010-2019","driver","2"
"313","all","17-25","2010-2019","passenger","0"
"313","all","17-25","2010-2019","other","2"
"313","all","17-25","2011-2020","driver","3"
"313","all","17-25","2011-2020","passenger","0"
"313","all","17-25","2011-2020","other","2"
"313","all","17-25","2012-2021","driver","6"
"313","all","17-25","2012-2021","passenger","3"
"313","all","17-25","2012-2021","other","3"
"313","all","17-25","2013-2022","driver","6"
"313","all","17-25","2013-2022","passenger","4"
"313","all","17-25","2013-2022","other","4"
"314","all","17-25","2008-2017","driver","0"
"314","all","17-25","2008-2017","passenger","0"
"314","all","17-25","2008-2017","other","0"
"314","all","17-25","2009-2018","driver","1"
"314","all","17-25","2009-2018","passenger","1"
"314","all","17-25","2009-2018","other","0"
"314","all","17-25","2010-2019","driver","3"
"314","all","17-25","2010-2019","passenger","1"
"314","all","17-25","2010-2019","other","2"
"314","all","17-25","2011-2020","driver","4"
"314","all","17-25","2011-2020","passenger","2"
"314","all","17-25","2011-2020","other","2"
"314","all","17-25","2012-2021","driver","4"
"314","all","17-25","2012-2021","passenger","2"
"314","all","17-25","2012-2021","other","2"
"314","all","17-25","2013-2022","driver","5"
"314","all","17-25","2013-2022","passenger","2"
"314","all","17-25","2013-2022","other","2"
"315","all","17-25","2008-2017","driver","0"
"315","all","17-25","2008-2017","passenger","0"
"315","all","17-25","2008-2017","other","0"
"315","all","17-25","2009-2018","driver","1"
"315","all","17-25","2009-2018","passenger","0"
"315","all","17-25","2009-2018","other","2"
"315","all","17-25","2010-2019","driver","3"
"315","all","17-25","2010-2019","passenger","1"
"315","all","17-25","2010-2019","other","2"
"315","all","17-25","2011-2020","driver","4"
"315","all","17-25","2011-2020","passenger","2"
"315","all","17-25","2011-2020","other","4"
"315","all","17-25","2012-2021","driver","5"
"315","all","17-25","2012-2021","passenger","2"
"315","all","17-25","2012-2021","other","4"
"315","all","17-25","2013-2022","driver","5"
"315","all","17-25","2013-2022","passenger","3"
"315","all","17-25","2013-2022","other","4"
"316","all","17-25","2008-2017","driver","0"
"316","all","17-25","2008-2017","passenger","0"
"316","all","17-25","2008-2017","other","0"
"316","all","17-25","2009-2018","driver","1"
"316","all","17-25","2009-2018","passenger","2"
"316","all","17-25","2009-2018","other","1"
"316","all","17-25","2010-2019","driver","1"
"316","all","17-25","2010-2019","passenger","2"
"316","all","17-25","2010-2019","other","2"
"316","all","17-25","2011-2020","driver","3"
"316","all","17-25","2011-2020","passenger","3"
"316","all","17-25","2011-2020","other","2"
"316","all","17-25","2012-2021","driver","5"
"316","all","17-25","2012-2021","passenger","4"
"316","all","17-25","2012-2021","other","7"
"316","all","17-25","2013-2022","driver","9"
"316","all","17-25","2013-2022","passenger","5"
"316","all","17-25","2013-2022","other","8"
"317","all","17-25","2008-2017","driver","0"
"317","all","17-25","2008-2017","passenger","0"
"317","all","17-25","2008-2017","other","0"
"317","all","17-25","2009-2018","driver","0"
"317","all","17-25","2009-2018","passenger","0"
"317","all","17-25","2009-2018","other","0"
"317","all","17-25","2010-2019","driver","0"
"317","all","17-25","2010-2019","passenger","0"
"317","all","17-25","2010-2019","other","0"
"317","all","17-25","2011-2020","driver","1"
"317","all","17-25","2011-2020","passenger","0"
"317","all","17-25","2011-2020","other","1"
"317","all","17-25","2012-2021","driver","1"
"317","all","17-25","2012-2021","passenger","1"
"317","all","17-25","2012-2021","other","1"
"317","all","17-25","2013-2022","driver","2"
"317","all","17-25","2013-2022","passenger","1"
"317","all","17-25","2013-2022","other","1"
"318","all","17-25","2008-2017","driver","0"
"318","all","17-25","2008-2017","passenger","0"
"318","all","17-25","2008-2017","other","0"
"318","all","17-25","2009-2018","driver","2"
"318","all","17-25","2009-2018","passenger","1"
"318","all","17-25","2009-2018","other","1"
"318","all","17-25","2010-2019","driver","7"
"318","all","17-25","2010-2019","passenger","2"
"318","all","17-25","2010-2019","other","1"
"318","all","17-25","2011-2020","driver","10"
"318","all","17-25","2011-2020","passenger","4"
"318","all","17-25","2011-2020","other","2"
"318","all","17-25","2012-2021","driver","10"
"318","all","17-25","2012-2021","passenger","4"
"318","all","17-25","2012-2021","other","6"
"318","all","17-25","2013-2022","driver","13"
"318","all","17-25","2013-2022","passenger","5"
"318","all","17-25","2013-2022","other","6"
"319","all","17-25","2008-2017","driver","0"
"319","all","17-25","2008-2017","passenger","0"
"319","all","17-25","2008-2017","other","0"
"319","all","17-25","2009-2018","driver","7"
"319","all","17-25","2009-2018","passenger","1"
"319","all","17-25","2009-2018","other","1"
"319","all","17-25","2010-2019","driver","8"
"319","all","17-25","2010-2019","passenger","2"
"319","all","17-25","2010-2019","other","3"
"319","all","17-25","2011-2020","driver","13"
"319","all","17-25","2011-2020","passenger","4"
"319","all","17-25","2011-2020","other","3"
"319","all","17-25","2012-2021","driver","15"
"319","all","17-25","2012-2021","passenger","6"
"319","all","17-25","2012-2021","other","3"
"319","all","17-25","2013-2022","driver","19"
"319","all","17-25","2013-2022","passenger","8"
"319","all","17-25","2013-2022","other","3"
"401","all","17-25","2008-2017","driver","8"
"401","all","17-25","2008-2017","passenger","0"
"401","all","17-25","2008-2017","other","4"
"401","all","17-25","2009-2018","driver","8"
"401","all","17-25","2009-2018","passenger","0"
"401","all","17-25","2009-2018","other","4"
"401","all","17-25","2010-2019","driver","8"
"401","all","17-25","2010-2019","passenger","0"
"401","all","17-25","2010-2019","other","5"
"401","all","17-25","2011-2020","driver","9"
"401","all","17-25","2011-2020","passenger","0"
"401","all","17-25","2011-2020","other","6"
"401","all","17-25","2012-2021","driver","11"
"401","all","17-25","2012-2021","passenger","0"
"401","all","17-25","2012-2021","other","7"
"401","all","17-25","2013-2022","driver","14"
"401","all","17-25","2013-2022","passenger","1"
"401","all","17-25","2013-2022","other","7"
"402","all","17-25","2008-2017","driver","4"
"402","all","17-25","2008-2017","passenger","2"
"402","all","17-25","2008-2017","other","3"
"402","all","17-25","2009-2018","driver","7"
"402","all","17-25","2009-2018","passenger","3"
"402","all","17-25","2009-2018","other","4"
"402","all","17-25","2010-2019","driver","8"
"402","all","17-25","2010-2019","passenger","4"
"402","all","17-25","2010-2019","other","7"
"402","all","17-25","2011-2020","driver","11"
"402","all","17-25","2011-2020","passenger","6"
"402","all","17-25","2011-2020","other","11"
"402","all","17-25","2012-2021","driver","12"
"402","all","17-25","2012-2021","passenger","6"
"402","all","17-25","2012-2021","other","13"
"402","all","17-25","2013-2022","driver","14"
"402","all","17-25","2013-2022","passenger","7"
"402","all","17-25","2013-2022","other","15"
"403","all","17-25","2008-2017","driver","5"
"403","all","17-25","2008-2017","passenger","0"
"403","all","17-25","2008-2017","other","1"
"403","all","17-25","2009-2018","driver","6"
"403","all","17-25","2009-2018","passenger","1"
"403","all","17-25","2009-2018","other","2"
"403","all","17-25","2010-2019","driver","6"
"403","all","17-25","2010-2019","passenger","1"
"403","all","17-25","2010-2019","other","2"
"403","all","17-25","2011-2020","driver","6"
"403","all","17-25","2011-2020","passenger","1"
"403","all","17-25","2011-2020","other","3"
"403","all","17-25","2012-2021","driver","6"
"403","all","17-25","2012-2021","passenger","2"
"403","all","17-25","2012-2021","other","4"
"403","all","17-25","2013-2022","driver","6"
"403","all","17-25","2013-2022","passenger","2"
"403","all","17-25","2013-2022","other","5"
"404","all","17-25","2008-2017","driver","0"
"404","all","17-25","2008-2017","passenger","0"
"404","all","17-25","2008-2017","other","2"
"404","all","17-25","2009-2018","driver","1"
"404","all","17-25","2009-2018","passenger","0"
"404","all","17-25","2009-2018","other","3"
"404","all","17-25","2010-2019","driver","2"
"404","all","17-25","2010-2019","passenger","0"
"404","all","17-25","2010-2019","other","4"
"404","all","17-25","2011-2020","driver","2"
"404","all","17-25","2011-2020","passenger","0"
"404","all","17-25","2011-2020","other","4"
"404","all","17-25","2012-2021","driver","2"
"404","all","17-25","2012-2021","passenger","0"
"404","all","17-25","2012-2021","other","5"
"404","all","17-25","2013-2022","driver","2"
"404","all","17-25","2013-2022","passenger","0"
"404","all","17-25","2013-2022","other","5"
"405","all","17-25","2008-2017","driver","9"
"405","all","17-25","2008-2017","passenger","3"
"405","all","17-25","2008-2017","other","2"
"405","all","17-25","2009-2018","driver","10"
"405","all","17-25","2009-2018","passenger","3"
"405","all","17-25","2009-2018","other","2"
"405","all","17-25","2010-2019","driver","10"
"405","all","17-25","2010-2019","passenger","3"
"405","all","17-25","2010-2019","other","3"
"405","all","17-25","2011-2020","driver","11"
"405","all","17-25","2011-2020","passenger","4"
"405","all","17-25","2011-2020","other","3"
"405","all","17-25","2012-2021","driver","13"
"405","all","17-25","2012-2021","passenger","5"
"405","all","17-25","2012-2021","other","3"
"405","all","17-25","2013-2022","driver","14"
"405","all","17-25","2013-2022","passenger","6"
"405","all","17-25","2013-2022","other","4"
"406","all","17-25","2008-2017","driver","2"
"406","all","17-25","2008-2017","passenger","3"
"406","all","17-25","2008-2017","other","1"
"406","all","17-25","2009-2018","driver","2"
"406","all","17-25","2009-2018","passenger","3"
"406","all","17-25","2009-2018","other","1"
"406","all","17-25","2010-2019","driver","3"
"406","all","17-25","2010-2019","passenger","5"
"406","all","17-25","2010-2019","other","1"
"406","all","17-25","2011-2020","driver","6"
"406","all","17-25","2011-2020","passenger","7"
"406","all","17-25","2011-2020","other","2"
"406","all","17-25","2012-2021","driver","7"
"406","all","17-25","2012-2021","passenger","7"
"406","all","17-25","2012-2021","other","3"
"406","all","17-25","2013-2022","driver","9"
"406","all","17-25","2013-2022","passenger","7"
"406","all","17-25","2013-2022","other","3"
"407","all","17-25","2008-2017","driver","16"
"407","all","17-25","2008-2017","passenger","3"
"407","all","17-25","2008-2017","other","1"
"407","all","17-25","2009-2018","driver","20"
"407","all","17-25","2009-2018","passenger","6"
"407","all","17-25","2009-2018","other","1"
"407","all","17-25","2010-2019","driver","27"
"407","all","17-25","2010-2019","passenger","7"
"407","all","17-25","2010-2019","other","3"
"407","all","17-25","2011-2020","driver","28"
"407","all","17-25","2011-2020","passenger","8"
"407","all","17-25","2011-2020","other","4"
"407","all","17-25","2012-2021","driver","33"
"407","all","17-25","2012-2021","passenger","9"
"407","all","17-25","2012-2021","other","5"
"407","all","17-25","2013-2022","driver","36"
"407","all","17-25","2013-2022","passenger","9"
"407","all","17-25","2013-2022","other","6"
"501","all","17-25","2008-2017","driver","13"
"501","all","17-25","2008-2017","passenger","7"
"501","all","17-25","2008-2017","other","4"
"501","all","17-25","2009-2018","driver","17"
"501","all","17-25","2009-2018","passenger","9"
"501","all","17-25","2009-2018","other","4"
"501","all","17-25","2010-2019","driver","18"
"501","all","17-25","2010-2019","passenger","10"
"501","all","17-25","2010-2019","other","6"
"501","all","17-25","2011-2020","driver","22"
"501","all","17-25","2011-2020","passenger","10"
"501","all","17-25","2011-2020","other","6"
"501","all","17-25","2012-2021","driver","25"
"501","all","17-25","2012-2021","passenger","10"
"501","all","17-25","2012-2021","other","6"
"501","all","17-25","2013-2022","driver","25"
"501","all","17-25","2013-2022","passenger","10"
"501","all","17-25","2013-2022","other","6"
"502","all","17-25","2008-2017","driver","2"
"502","all","17-25","2008-2017","passenger","1"
"502","all","17-25","2008-2017","other","2"
"502","all","17-25","2009-2018","driver","4"
"502","all","17-25","2009-2018","passenger","1"
"502","all","17-25","2009-2018","other","2"
"502","all","17-25","2010-2019","driver","5"
"502","all","17-25","2010-2019","passenger","1"
"502","all","17-25","2010-2019","other","3"
"502","all","17-25","2011-2020","driver","8"
"502","all","17-25","2011-2020","passenger","2"
"502","all","17-25","2011-2020","other","3"
"502","all","17-25","2012-2021","driver","8"
"502","all","17-25","2012-2021","passenger","2"
"502","all","17-25","2012-2021","other","5"
"502","all","17-25","2013-2022","driver","8"
"502","all","17-25","2013-2022","passenger","2"
"502","all","17-25","2013-2022","other","5"
"503","all","17-25","2008-2017","driver","1"
"503","all","17-25","2008-2017","passenger","1"
"503","all","17-25","2008-2017","other","3"
"503","all","17-25","2009-2018","driver","2"
"503","all","17-25","2009-2018","passenger","1"
"503","all","17-25","2009-2018","other","3"
"503","all","17-25","2010-2019","driver","2"
"503","all","17-25","2010-2019","passenger","1"
"503","all","17-25","2010-2019","other","3"
"503","all","17-25","2011-2020","driver","2"
"503","all","17-25","2011-2020","passenger","1"
"503","all","17-25","2011-2020","other","3"
"503","all","17-25","2012-2021","driver","2"
"503","all","17-25","2012-2021","passenger","1"
"503","all","17-25","2012-2021","other","3"
"503","all","17-25","2013-2022","driver","2"
"503","all","17-25","2013-2022","passenger","1"
"503","all","17-25","2013-2022","other","3"
"504","all","17-25","2008-2017","driver","2"
"504","all","17-25","2008-2017","passenger","1"
"504","all","17-25","2008-2017","other","3"
"504","all","17-25","2009-2018","driver","2"
"504","all","17-25","2009-2018","passenger","1"
"504","all","17-25","2009-2018","other","4"
"504","all","17-25","2010-2019","driver","4"
"504","all","17-25","2010-2019","passenger","1"
"504","all","17-25","2010-2019","other","4"
"504","all","17-25","2011-2020","driver","5"
"504","all","17-25","2011-2020","passenger","3"
"504","all","17-25","2011-2020","other","4"
"504","all","17-25","2012-2021","driver","6"
"504","all","17-25","2012-2021","passenger","3"
"504","all","17-25","2012-2021","other","4"
"504","all","17-25","2013-2022","driver","6"
"504","all","17-25","2013-2022","passenger","3"
"504","all","17-25","2013-2022","other","4"
"505","all","17-25","2008-2017","driver","7"
"505","all","17-25","2008-2017","passenger","1"
"505","all","17-25","2008-2017","other","11"
"505","all","17-25","2009-2018","driver","9"
"505","all","17-25","2009-2018","passenger","1"
"505","all","17-25","2009-2018","other","13"
"505","all","17-25","2010-2019","driver","10"
"505","all","17-25","2010-2019","passenger","3"
"505","all","17-25","2010-2019","other","13"
"505","all","17-25","2011-2020","driver","10"
"505","all","17-25","2011-2020","passenger","3"
"505","all","17-25","2011-2020","other","13"
"505","all","17-25","2012-2021","driver","10"
"505","all","17-25","2012-2021","passenger","3"
"505","all","17-25","2012-2021","other","16"
"505","all","17-25","2013-2022","driver","10"
"505","all","17-25","2013-2022","passenger","3"
"505","all","17-25","2013-2022","other","16"
"506","all","17-25","2008-2017","driver","7"
"506","all","17-25","2008-2017","passenger","1"
"506","all","17-25","2008-2017","other","7"
"506","all","17-25","2009-2018","driver","8"
"506","all","17-25","2009-2018","passenger","1"
"506","all","17-25","2009-2018","other","8"
"506","all","17-25","2010-2019","driver","9"
"506","all","17-25","2010-2019","passenger","2"
"506","all","17-25","2010-2019","other","10"
"506","all","17-25","2011-2020","driver","12"
"506","all","17-25","2011-2020","passenger","2"
"506","all","17-25","2011-2020","other","10"
"506","all","17-25","2012-2021","driver","15"
"506","all","17-25","2012-2021","passenger","5"
"506","all","17-25","2012-2021","other","12"
"506","all","17-25","2013-2022","driver","15"
"506","all","17-25","2013-2022","passenger","5"
"506","all","17-25","2013-2022","other","12"
"507","all","17-25","2008-2017","driver","0"
"507","all","17-25","2008-2017","passenger","6"
"507","all","17-25","2008-2017","other","3"
"507","all","17-25","2009-2018","driver","1"
"507","all","17-25","2009-2018","passenger","6"
"507","all","17-25","2009-2018","other","4"
"507","all","17-25","2010-2019","driver","1"
"507","all","17-25","2010-2019","passenger","6"
"507","all","17-25","2010-2019","other","5"
"507","all","17-25","2011-2020","driver","1"
"507","all","17-25","2011-2020","passenger","7"
"507","all","17-25","2011-2020","other","6"
"507","all","17-25","2012-2021","driver","2"
"507","all","17-25","2012-2021","passenger","7"
"507","all","17-25","2012-2021","other","7"
"507","all","17-25","2013-2022","driver","2"
"507","all","17-25","2013-2022","passenger","7"
"507","all","17-25","2013-2022","other","7"
"509","all","17-25","2008-2017","driver","17"
"509","all","17-25","2008-2017","passenger","9"
"509","all","17-25","2008-2017","other","1"
"509","all","17-25","2009-2018","driver","20"
"509","all","17-25","2009-2018","passenger","12"
"509","all","17-25","2009-2018","other","1"
"509","all","17-25","2010-2019","driver","24"
"509","all","17-25","2010-2019","passenger","14"
"509","all","17-25","2010-2019","other","2"
"509","all","17-25","2011-2020","driver","28"
"509","all","17-25","2011-2020","passenger","15"
"509","all","17-25","2011-2020","other","2"
"509","all","17-25","2012-2021","driver","34"
"509","all","17-25","2012-2021","passenger","17"
"509","all","17-25","2012-2021","other","2"
"509","all","17-25","2013-2022","driver","34"
"509","all","17-25","2013-2022","passenger","17"
"509","all","17-25","2013-2022","other","2"
"510","all","17-25","2008-2017","driver","3"
"510","all","17-25","2008-2017","passenger","5"
"510","all","17-25","2008-2017","other","1"
"510","all","17-25","2009-2018","driver","3"
"510","all","17-25","2009-2018","passenger","6"
"510","all","17-25","2009-2018","other","1"
"510","all","17-25","2010-2019","driver","3"
"510","all","17-25","2010-2019","passenger","6"
"510","all","17-25","2010-2019","other","2"
"510","all","17-25","2011-2020","driver","3"
"510","all","17-25","2011-2020","passenger","6"
"510","all","17-25","2011-2020","other","4"
"510","all","17-25","2012-2021","driver","4"
"510","all","17-25","2012-2021","passenger","6"
"510","all","17-25","2012-2021","other","4"
"510","all","17-25","2013-2022","driver","4"
"510","all","17-25","2013-2022","passenger","6"
"510","all","17-25","2013-2022","other","4"
"511","all","17-25","2008-2017","driver","6"
"511","all","17-25","2008-2017","passenger","9"
"511","all","17-25","2008-2017","other","1"
"511","all","17-25","2009-2018","driver","8"
"511","all","17-25","2009-2018","passenger","9"
"511","all","17-25","2009-2018","other","2"
"511","all","17-25","2010-2019","driver","12"
"511","all","17-25","2010-2019","passenger","9"
"511","all","17-25","2010-2019","other","4"
"511","all","17-25","2011-2020","driver","15"
"511","all","17-25","2011-2020","passenger","9"
"511","all","17-25","2011-2020","other","5"
"511","all","17-25","2012-2021","driver","19"
"511","all","17-25","2012-2021","passenger","9"
"511","all","17-25","2012-2021","other","7"
"511","all","17-25","2013-2022","driver","19"
"511","all","17-25","2013-2022","passenger","9"
"511","all","17-25","2013-2022","other","7"
"601","all","17-25","2008-2017","driver","3"
"601","all","17-25","2008-2017","passenger","2"
"601","all","17-25","2008-2017","other","6"
"601","all","17-25","2009-2018","driver","3"
"601","all","17-25","2009-2018","passenger","2"
"601","all","17-25","2009-2018","other","8"
"601","all","17-25","2010-2019","driver","3"
"601","all","17-25","2010-2019","passenger","2"
"601","all","17-25","2010-2019","other","9"
"601","all","17-25","2011-2020","driver","4"
"601","all","17-25","2011-2020","passenger","3"
"601","all","17-25","2011-2020","other","9"
"601","all","17-25","2012-2021","driver","5"
"601","all","17-25","2012-2021","passenger","3"
"601","all","17-25","2012-2021","other","9"
"601","all","17-25","2013-2022","driver","5"
"601","all","17-25","2013-2022","passenger","4"
"601","all","17-25","2013-2022","other","9"
"602","all","17-25","2008-2017","driver","3"
"602","all","17-25","2008-2017","passenger","0"
"602","all","17-25","2008-2017","other","2"
"602","all","17-25","2009-2018","driver","5"
"602","all","17-25","2009-2018","passenger","1"
"602","all","17-25","2009-2018","other","3"
"602","all","17-25","2010-2019","driver","6"
"602","all","17-25","2010-2019","passenger","2"
"602","all","17-25","2010-2019","other","4"
"602","all","17-25","2011-2020","driver","6"
"602","all","17-25","2011-2020","passenger","2"
"602","all","17-25","2011-2020","other","4"
"602","all","17-25","2012-2021","driver","7"
"602","all","17-25","2012-2021","passenger","2"
"602","all","17-25","2012-2021","other","5"
"602","all","17-25","2013-2022","driver","8"
"602","all","17-25","2013-2022","passenger","2"
"602","all","17-25","2013-2022","other","6"
"603","all","17-25","2008-2017","driver","1"
"603","all","17-25","2008-2017","passenger","1"
"603","all","17-25","2008-2017","other","1"
"603","all","17-25","2009-2018","driver","2"
"603","all","17-25","2009-2018","passenger","3"
"603","all","17-25","2009-2018","other","1"
"603","all","17-25","2010-2019","driver","4"
"603","all","17-25","2010-2019","passenger","3"
"603","all","17-25","2010-2019","other","1"
"603","all","17-25","2011-2020","driver","4"
"603","all","17-25","2011-2020","passenger","3"
"603","all","17-25","2011-2020","other","1"
"603","all","17-25","2012-2021","driver","5"
"603","all","17-25","2012-2021","passenger","4"
"603","all","17-25","2012-2021","other","1"
"603","all","17-25","2013-2022","driver","7"
"603","all","17-25","2013-2022","passenger","6"
"603","all","17-25","2013-2022","other","1"
"604","all","17-25","2008-2017","driver","2"
"604","all","17-25","2008-2017","passenger","0"
"604","all","17-25","2008-2017","other","2"
"604","all","17-25","2009-2018","driver","2"
"604","all","17-25","2009-2018","passenger","0"
"604","all","17-25","2009-2018","other","4"
"604","all","17-25","2010-2019","driver","2"
"604","all","17-25","2010-2019","passenger","0"
"604","all","17-25","2010-2019","other","5"
"604","all","17-25","2011-2020","driver","3"
"604","all","17-25","2011-2020","passenger","1"
"604","all","17-25","2011-2020","other","5"
"604","all","17-25","2012-2021","driver","5"
"604","all","17-25","2012-2021","passenger","1"
"604","all","17-25","2012-2021","other","5"
"604","all","17-25","2013-2022","driver","6"
"604","all","17-25","2013-2022","passenger","1"
"604","all","17-25","2013-2022","other","5"
"701","all","17-25","2008-2017","driver","6"
"701","all","17-25","2008-2017","passenger","5"
"701","all","17-25","2008-2017","other","3"
"701","all","17-25","2009-2018","driver","6"
"701","all","17-25","2009-2018","passenger","5"
"701","all","17-25","2009-2018","other","3"
"701","all","17-25","2010-2019","driver","8"
"701","all","17-25","2010-2019","passenger","6"
"701","all","17-25","2010-2019","other","3"
"701","all","17-25","2011-2020","driver","10"
"701","all","17-25","2011-2020","passenger","6"
"701","all","17-25","2011-2020","other","3"
"701","all","17-25","2012-2021","driver","10"
"701","all","17-25","2012-2021","passenger","6"
"701","all","17-25","2012-2021","other","4"
"701","all","17-25","2013-2022","driver","11"
"701","all","17-25","2013-2022","passenger","7"
"701","all","17-25","2013-2022","other","5"
"702","all","17-25","2008-2017","driver","7"
"702","all","17-25","2008-2017","passenger","3"
"702","all","17-25","2008-2017","other","2"
"702","all","17-25","2009-2018","driver","9"
"702","all","17-25","2009-2018","passenger","5"
"702","all","17-25","2009-2018","other","5"
"702","all","17-25","2010-2019","driver","9"
"702","all","17-25","2010-2019","passenger","7"
"702","all","17-25","2010-2019","other","6"
"702","all","17-25","2011-2020","driver","11"
"702","all","17-25","2011-2020","passenger","12"
"702","all","17-25","2011-2020","other","6"
"702","all","17-25","2012-2021","driver","11"
"702","all","17-25","2012-2021","passenger","12"
"702","all","17-25","2012-2021","other","6"
"702","all","17-25","2013-2022","driver","15"
"702","all","17-25","2013-2022","passenger","15"
"702","all","17-25","2013-2022","other","10"
"801","all","17-25","2008-2017","driver","5"
"801","all","17-25","2008-2017","passenger","0"
"801","all","17-25","2008-2017","other","4"
"801","all","17-25","2009-2018","driver","5"
"801","all","17-25","2009-2018","passenger","1"
"801","all","17-25","2009-2018","other","4"
"801","all","17-25","2010-2019","driver","5"
"801","all","17-25","2010-2019","passenger","1"
"801","all","17-25","2010-2019","other","4"
"801","all","17-25","2011-2020","driver","6"
"801","all","17-25","2011-2020","passenger","1"
"801","all","17-25","2011-2020","other","4"
"801","all","17-25","2012-2021","driver","8"
"801","all","17-25","2012-2021","passenger","2"
"801","all","17-25","2012-2021","other","4"
"801","all","17-25","2013-2022","driver","12"
"801","all","17-25","2013-2022","passenger","3"
"801","all","17-25","2013-2022","other","5"
