LGA_CODE_2021,LGA_NAME_2021,ADD_CODE_2021,ADD_NAME_2021,RATIO_FROM_TO,INDIV_TO_REGION_QLTY_INDICATOR,OVERALL_QUALITY_INDICATOR,BMOS_NULL_FLAG
10050,Albury,D03,Murray-Darling Basin,1,Good,Good,0
10180,Armidale Regional,D03,Murray-Darling Basin,0.0821703,Good,Good,0
10180,Armidale Regional,D08,South East Coast (NSW),0.9178297,Good,Good,0
10250,Ballina,D08,South East Coast (NSW),1,Good,Good,0
10300,Balranald,D03,Murray-Darling Basin,1,Good,Good,0
10470,Bathurst Regional,D03,Murray-Darling Basin,1,Good,Good,0
10500,Bayside (NSW),D08,South East Coast (NSW),1,Good,Good,0
10550,Bega Valley,D08,South East Coast (NSW),0.9995505,Good,Good,0
10550,Bega Valley,D09,South East Coast (Victoria),0.0004495,Good,Good,1
10600,Bellingen,D08,South East Coast (NSW),1,Good,Good,0
10650,Berrigan,D03,Murray-Darling Basin,1,Good,Good,0
10750,Blacktown,D08,South East Coast (NSW),1,Good,Good,0
10800,Bland,D03,Murray-Darling Basin,1,Good,Good,0
10850,Blayney,D03,Murray-Darling Basin,1,Good,Good,0
10900,Blue Mountains,D08,South East Coast (NSW),1,Good,Good,0
10950,Bogan,D03,Murray-Darling Basin,1,Good,Good,0
11150,Bourke,D03,Murray-Darling Basin,1,Good,Good,0
11200,Brewarrina,D03,Murray-Darling Basin,1,Good,Good,0
11250,Broken Hill,D03,Murray-Darling Basin,1,Good,Good,0
11300,Burwood,D08,South East Coast (NSW),1,Good,Good,0
11350,Byron,D08,South East Coast (NSW),1,Good,Good,0
11400,Cabonne,D03,Murray-Darling Basin,1,Good,Good,0
11450,Camden,D08,South East Coast (NSW),1,Good,Good,0
11500,Campbelltown (NSW),D08,South East Coast (NSW),1,Good,Good,0
11520,Canada Bay,D08,South East Coast (NSW),1,Good,Good,0
11570,Canterbury-Bankstown,D08,South East Coast (NSW),1,Good,Good,0
11600,Carrathool,D03,Murray-Darling Basin,1,Good,Good,0
11650,Central Coast (NSW),D08,South East Coast (NSW),1,Good,Good,0
11700,Central Darling,D02,Lake Eyre Basin,0.009829,Acceptable,Good,1
11700,Central Darling,D03,Murray-Darling Basin,0.990171,Good,Good,0
11720,Cessnock,D08,South East Coast (NSW),1,Good,Good,0
11730,Clarence Valley,D08,South East Coast (NSW),1,Good,Good,0
11750,Cobar,D03,Murray-Darling Basin,1,Good,Good,0
11800,Coffs Harbour,D08,South East Coast (NSW),1,Good,Good,0
12000,Coolamon,D03,Murray-Darling Basin,1,Good,Good,0
12150,Coonamble,D03,Murray-Darling Basin,1,Good,Good,0
12160,Cootamundra-Gundagai Regional,D03,Murray-Darling Basin,1,Good,Good,0
12350,Cowra,D03,Murray-Darling Basin,1,Good,Good,0
12380,Cumberland,D08,South East Coast (NSW),1,Good,Good,0
12390,Dubbo Regional,D03,Murray-Darling Basin,1,Good,Good,0
12700,Dungog,D08,South East Coast (NSW),1,Good,Good,0
12730,Edward River,D03,Murray-Darling Basin,1,Good,Good,0
12750,Eurobodalla,D08,South East Coast (NSW),1,Good,Good,0
12850,Fairfield,D08,South East Coast (NSW),1,Good,Good,0
12870,Federation,D03,Murray-Darling Basin,1,Good,Good,0
12900,Forbes,D03,Murray-Darling Basin,1,Good,Good,0
12930,Georges River,D08,South East Coast (NSW),1,Good,Good,0
12950,Gilgandra,D03,Murray-Darling Basin,1,Good,Good,0
13010,Glen Innes Severn,D03,Murray-Darling Basin,0.8985597,Good,Good,0
13010,Glen Innes Severn,D08,South East Coast (NSW),0.1014403,Good,Good,0
13310,Goulburn Mulwaree,D03,Murray-Darling Basin,0.0032582,Good,Good,1
13310,Goulburn Mulwaree,D08,South East Coast (NSW),0.9967418,Good,Good,0
13340,Greater Hume Shire,D03,Murray-Darling Basin,1,Good,Good,0
13450,Griffith,D03,Murray-Darling Basin,1,Good,Good,0
13550,Gunnedah,D03,Murray-Darling Basin,1,Good,Good,0
13660,Gwydir,D03,Murray-Darling Basin,1,Good,Good,0
13800,Hawkesbury,D08,South East Coast (NSW),1,Good,Good,0
13850,Hay,D03,Murray-Darling Basin,1,Good,Good,0
13910,Hilltops,D03,Murray-Darling Basin,1,Good,Good,0
14000,Hornsby,D08,South East Coast (NSW),1,Good,Good,0
14100,Hunters Hill,D08,South East Coast (NSW),1,Good,Good,0
14170,Inner West,D08,South East Coast (NSW),1,Good,Good,0
14220,Inverell,D03,Murray-Darling Basin,1,Good,Good,0
14300,Junee,D03,Murray-Darling Basin,1,Good,Good,0
14350,Kempsey,D08,South East Coast (NSW),1,Good,Good,0
14400,Kiama,D08,South East Coast (NSW),1,Good,Good,0
14500,Ku-ring-gai,D08,South East Coast (NSW),1,Good,Good,0
14550,Kyogle,D08,South East Coast (NSW),1,Good,Good,0
14600,Lachlan,D03,Murray-Darling Basin,1,Good,Good,0
14650,Lake Macquarie,D08,South East Coast (NSW),1,Good,Good,0
14700,Lane Cove,D08,South East Coast (NSW),1,Good,Good,0
14750,Leeton,D03,Murray-Darling Basin,1,Good,Good,0
14850,Lismore,D08,South East Coast (NSW),1,Good,Good,0
14870,Lithgow,D03,Murray-Darling Basin,0.1453046,Good,Good,0
14870,Lithgow,D08,South East Coast (NSW),0.8546954,Good,Good,0
14900,Liverpool,D08,South East Coast (NSW),1,Good,Good,0
14920,Liverpool Plains,D03,Murray-Darling Basin,0.9999987,Good,Good,0
14920,Liverpool Plains,D08,South East Coast (NSW),1.30E-06,Good,Good,1
14950,Lockhart,D03,Murray-Darling Basin,1,Good,Good,0
15050,Maitland,D08,South East Coast (NSW),1,Good,Good,0
15240,Mid-Coast,D08,South East Coast (NSW),1,Good,Good,0
15270,Mid-Western Regional,D03,Murray-Darling Basin,0.9727403,Good,Good,0
15270,Mid-Western Regional,D08,South East Coast (NSW),0.0272597,Good,Good,0
15300,Moree Plains,D03,Murray-Darling Basin,1,Good,Good,0
15350,Mosman,D08,South East Coast (NSW),1,Good,Good,0
15520,Murray River,D03,Murray-Darling Basin,1,Good,Good,0
15560,Murrumbidgee,D03,Murray-Darling Basin,1,Good,Good,0
15650,Muswellbrook,D08,South East Coast (NSW),1,Good,Good,0
15700,Nambucca Valley,D08,South East Coast (NSW),1,Good,Good,0
15750,Narrabri,D03,Murray-Darling Basin,1,Good,Good,0
15800,Narrandera,D03,Murray-Darling Basin,1,Good,Good,0
15850,Narromine,D03,Murray-Darling Basin,1,Good,Good,0
15900,Newcastle,D08,South East Coast (NSW),1,Good,Good,0
15950,North Sydney,D08,South East Coast (NSW),1,Good,Good,0
15990,Northern Beaches,D08,South East Coast (NSW),1,Good,Good,0
16100,Oberon,D03,Murray-Darling Basin,0.9758281,Good,Good,0
16100,Oberon,D08,South East Coast (NSW),0.0241719,Good,Good,0
16150,Orange,D03,Murray-Darling Basin,1,Good,Good,0
16200,Parkes,D03,Murray-Darling Basin,1,Good,Good,0
16260,Parramatta,D08,South East Coast (NSW),1,Good,Good,0
16350,Penrith,D08,South East Coast (NSW),1,Good,Good,0
16380,Port Macquarie-Hastings,D08,South East Coast (NSW),1,Good,Good,0
16400,Port Stephens,D08,South East Coast (NSW),1,Good,Good,0
16490,Queanbeyan-Palerang Regional,D03,Murray-Darling Basin,0.9300542,Good,Good,0
16490,Queanbeyan-Palerang Regional,D08,South East Coast (NSW),0.0699458,Good,Good,0
16550,Randwick,D08,South East Coast (NSW),1,Good,Good,0
16610,Richmond Valley,D08,South East Coast (NSW),1,Good,Good,0
16700,Ryde,D08,South East Coast (NSW),1,Good,Good,0
16900,Shellharbour,D08,South East Coast (NSW),1,Good,Good,0
16950,Shoalhaven,D08,South East Coast (NSW),1,Good,Good,0
17000,Singleton,D08,South East Coast (NSW),1,Good,Good,0
17040,Snowy Monaro Regional,D03,Murray-Darling Basin,0.490169,Good,Good,0
17040,Snowy Monaro Regional,D08,South East Coast (NSW),0.0012982,Good,Good,1
17040,Snowy Monaro Regional,D09,South East Coast (Victoria),0.5085329,Good,Good,0
17080,Snowy Valleys,D03,Murray-Darling Basin,1,Good,Good,0
17100,Strathfield,D08,South East Coast (NSW),1,Good,Good,0
17150,Sutherland Shire,D08,South East Coast (NSW),1,Good,Good,0
17200,Sydney,D08,South East Coast (NSW),1,Good,Good,0
17310,Tamworth Regional,D03,Murray-Darling Basin,0.9991575,Good,Good,0
17310,Tamworth Regional,D08,South East Coast (NSW),0.0008425,Good,Good,1
17350,Temora,D03,Murray-Darling Basin,1,Good,Good,0
17400,Tenterfield,D03,Murray-Darling Basin,0.6659714,Good,Good,0
17400,Tenterfield,D08,South East Coast (NSW),0.3340286,Good,Good,0
17420,The Hills Shire,D08,South East Coast (NSW),1,Good,Good,0
17550,Tweed,D04,North East Coast,0.0004313,Good,Good,1
17550,Tweed,D08,South East Coast (NSW),0.9995687,Good,Good,0
17620,Upper Hunter Shire,D08,South East Coast (NSW),1,Good,Good,0
17640,Upper Lachlan Shire,D03,Murray-Darling Basin,0.8323358,Good,Good,0
17640,Upper Lachlan Shire,D08,South East Coast (NSW),0.1676642,Good,Good,0
17650,Uralla,D03,Murray-Darling Basin,0.8214729,Good,Good,0
17650,Uralla,D08,South East Coast (NSW),0.1785271,Good,Good,0
17750,Wagga Wagga,D03,Murray-Darling Basin,1,Good,Good,0
17850,Walcha,D03,Murray-Darling Basin,0.170217,Good,Good,0
17850,Walcha,D08,South East Coast (NSW),0.829783,Good,Good,0
17900,Walgett,D03,Murray-Darling Basin,1,Good,Good,0
17950,Warren,D03,Murray-Darling Basin,1,Good,Good,0
18020,Warrumbungle Shire,D03,Murray-Darling Basin,1,Good,Good,0
18050,Waverley,D08,South East Coast (NSW),1,Good,Good,0
18100,Weddin,D03,Murray-Darling Basin,1,Good,Good,0
18200,Wentworth,D03,Murray-Darling Basin,1,Good,Good,0
18250,Willoughby,D08,South East Coast (NSW),1,Good,Good,0
18350,Wingecarribee,D08,South East Coast (NSW),1,Good,Good,0
18400,Wollondilly,D08,South East Coast (NSW),1,Good,Good,0
18450,Wollongong,D08,South East Coast (NSW),1,Good,Good,0
18500,Woollahra,D08,South East Coast (NSW),1,Good,Good,0
18710,Yass Valley,D03,Murray-Darling Basin,1,Good,Good,0
19399,Unincorporated NSW,D02,Lake Eyre Basin,0.4193155,Acceptable,Good,0
19399,Unincorporated NSW,D03,Murray-Darling Basin,0.1304282,Good,Good,0
19399,Unincorporated NSW,D08,South East Coast (NSW),0.4502562,Good,Good,0
19499,No usual address (NSW),D94,No usual address (Aust.),1,Good,Good,0
19799,Migratory - Offshore - Shipping (NSW),D97,Migratory - Offshore - Shipping (Aust.),1,Good,Good,0
20110,Alpine,D03,Murray-Darling Basin,0.9999947,Good,Good,0
20110,Alpine,D09,South East Coast (Victoria),5.30E-06,Good,Good,1
20260,Ararat,D03,Murray-Darling Basin,0.1257036,Good,Good,0
20260,Ararat,D09,South East Coast (Victoria),0.8742964,Good,Good,0
20570,Ballarat,D03,Murray-Darling Basin,0.0056161,Good,Good,1
20570,Ballarat,D09,South East Coast (Victoria),0.9943839,Good,Good,0
20660,Banyule,D09,South East Coast (Victoria),1,Good,Good,0
20740,Bass Coast,D09,South East Coast (Victoria),1,Good,Good,0
20830,Baw Baw,D09,South East Coast (Victoria),1,Good,Good,0
20910,Bayside (Vic.),D09,South East Coast (Victoria),1,Good,Good,0
21010,Benalla,D03,Murray-Darling Basin,1,Good,Good,0
21110,Boroondara,D09,South East Coast (Victoria),1,Good,Good,0
21180,Brimbank,D09,South East Coast (Victoria),1,Good,Good,0
21270,Buloke,D03,Murray-Darling Basin,1,Good,Good,0
21370,Campaspe,D03,Murray-Darling Basin,1,Good,Good,0
21450,Cardinia,D09,South East Coast (Victoria),1,Good,Good,0
21610,Casey,D09,South East Coast (Victoria),1,Good,Good,0
21670,Central Goldfields,D03,Murray-Darling Basin,1,Good,Good,0
21750,Colac Otway,D09,South East Coast (Victoria),1,Good,Good,0
21830,Corangamite,D09,South East Coast (Victoria),1,Good,Good,0
21890,Darebin,D09,South East Coast (Victoria),1,Good,Good,0
22110,East Gippsland,D03,Murray-Darling Basin,0.0147338,Good,Good,0
22110,East Gippsland,D09,South East Coast (Victoria),0.9852662,Good,Good,0
22170,Frankston,D09,South East Coast (Victoria),1,Good,Good,0
22250,Gannawarra,D03,Murray-Darling Basin,1,Good,Good,0
22310,Glen Eira,D09,South East Coast (Victoria),1,Good,Good,0
22410,Glenelg,D09,South East Coast (Victoria),1,Good,Good,0
22490,Golden Plains,D09,South East Coast (Victoria),1,Good,Good,0
22620,Greater Bendigo,D03,Murray-Darling Basin,1,Good,Good,0
22670,Greater Dandenong,D09,South East Coast (Victoria),1,Good,Good,0
22750,Greater Geelong,D09,South East Coast (Victoria),1,Good,Good,0
22830,Greater Shepparton,D03,Murray-Darling Basin,1,Good,Good,0
22910,Hepburn,D03,Murray-Darling Basin,0.9969933,Good,Good,0
22910,Hepburn,D09,South East Coast (Victoria),0.0030067,Good,Good,1
22980,Hindmarsh,D03,Murray-Darling Basin,1,Good,Good,0
23110,Hobsons Bay,D09,South East Coast (Victoria),1,Good,Good,0
23190,Horsham,D03,Murray-Darling Basin,0.9949546,Good,Good,0
23190,Horsham,D09,South East Coast (Victoria),0.0050454,Good,Good,1
23270,Hume,D09,South East Coast (Victoria),1,Good,Good,0
23350,Indigo,D03,Murray-Darling Basin,1,Good,Good,0
23430,Kingston (Vic.),D09,South East Coast (Victoria),1,Good,Good,0
23670,Knox,D09,South East Coast (Victoria),1,Good,Good,0
23810,Latrobe (Vic.),D09,South East Coast (Victoria),1,Good,Good,0
23940,Loddon,D03,Murray-Darling Basin,1,Good,Good,0
24130,Macedon Ranges,D03,Murray-Darling Basin,0.355559,Good,Good,0
24130,Macedon Ranges,D09,South East Coast (Victoria),0.644441,Good,Good,0
24210,Manningham,D09,South East Coast (Victoria),1,Good,Good,0
24250,Mansfield,D03,Murray-Darling Basin,0.9999961,Good,Good,0
24250,Mansfield,D09,South East Coast (Victoria),3.90E-06,Good,Good,1
24330,Maribyrnong,D09,South East Coast (Victoria),1,Good,Good,0
24410,Maroondah,D09,South East Coast (Victoria),1,Good,Good,0
24600,Melbourne,D09,South East Coast (Victoria),1,Good,Good,0
24650,Melton,D09,South East Coast (Victoria),1,Good,Good,0
24780,Mildura,D03,Murray-Darling Basin,1,Good,Good,0
24850,Mitchell,D03,Murray-Darling Basin,0.5925783,Good,Good,0
24850,Mitchell,D09,South East Coast (Victoria),0.4074217,Good,Good,0
24900,Moira,D03,Murray-Darling Basin,1,Good,Good,0
24970,Monash,D09,South East Coast (Victoria),1,Good,Good,0
25060,Moonee Valley,D09,South East Coast (Victoria),1,Good,Good,0
25150,Moorabool,D03,Murray-Darling Basin,0.0009839,Good,Good,1
25150,Moorabool,D09,South East Coast (Victoria),0.9990161,Good,Good,0
25250,Moreland,D09,South East Coast (Victoria),1,Good,Good,0
25340,Mornington Peninsula,D09,South East Coast (Victoria),1,Good,Good,0
25430,Mount Alexander,D03,Murray-Darling Basin,1,Good,Good,0
25490,Moyne,D09,South East Coast (Victoria),1,Good,Good,0
25620,Murrindindi,D03,Murray-Darling Basin,0.9637902,Good,Good,0
25620,Murrindindi,D09,South East Coast (Victoria),0.0362098,Good,Good,0
25710,Nillumbik,D09,South East Coast (Victoria),1,Good,Good,0
25810,Northern Grampians,D03,Murray-Darling Basin,0.9999975,Good,Good,0
25810,Northern Grampians,D09,South East Coast (Victoria),2.50E-06,Good,Good,1
25900,Port Phillip,D09,South East Coast (Victoria),1,Good,Good,0
25990,Pyrenees,D03,Murray-Darling Basin,0.4309624,Good,Good,0
25990,Pyrenees,D09,South East Coast (Victoria),0.5690376,Good,Good,0
26080,Queenscliffe,D09,South East Coast (Victoria),1,Good,Good,0
26170,South Gippsland,D09,South East Coast (Victoria),1,Good,Good,0
26260,Southern Grampians,D09,South East Coast (Victoria),1,Good,Good,0
26350,Stonnington,D09,South East Coast (Victoria),1,Good,Good,0
26430,Strathbogie,D03,Murray-Darling Basin,1,Good,Good,0
26490,Surf Coast,D09,South East Coast (Victoria),1,Good,Good,0
26610,Swan Hill,D03,Murray-Darling Basin,1,Good,Good,0
26670,Towong,D03,Murray-Darling Basin,1,Good,Good,0
26700,Wangaratta,D03,Murray-Darling Basin,1,Good,Good,0
26730,Warrnambool,D09,South East Coast (Victoria),1,Good,Good,0
26810,Wellington,D03,Murray-Darling Basin,2.00E-07,Good,Good,1
26810,Wellington,D09,South East Coast (Victoria),0.9999998,Good,Good,0
26890,West Wimmera,D03,Murray-Darling Basin,0.0286773,Good,Good,0
26890,West Wimmera,D09,South East Coast (Victoria),0.9713227,Good,Good,0
26980,Whitehorse,D09,South East Coast (Victoria),1,Good,Good,0
27070,Whittlesea,D09,South East Coast (Victoria),1,Good,Good,0
27170,Wodonga,D03,Murray-Darling Basin,1,Good,Good,0
27260,Wyndham,D09,South East Coast (Victoria),1,Good,Good,0
27350,Yarra,D09,South East Coast (Victoria),1,Good,Good,0
27450,Yarra Ranges,D03,Murray-Darling Basin,1.93E-05,Good,Good,1
27450,Yarra Ranges,D09,South East Coast (Victoria),0.9999807,Good,Good,0
27630,Yarriambiack,D03,Murray-Darling Basin,1,Good,Good,0
29399,Unincorporated Vic,D03,Murray-Darling Basin,0.7214371,Good,Good,0
29399,Unincorporated Vic,D09,South East Coast (Victoria),0.2785629,Good,Good,0
29499,No usual address (Vic.),D94,No usual address (Aust.),1,Good,Good,0
29799,Migratory - Offshore - Shipping (Vic.),D97,Migratory - Offshore - Shipping (Aust.),1,Good,Good,0
30250,Aurukun,D01,Carpentaria Coast,1,Acceptable,Good,0
30300,Balonne,D03,Murray-Darling Basin,1,Good,Good,0
30370,Banana,D04,North East Coast,1,Good,Good,0
30410,Barcaldine,D02,Lake Eyre Basin,0.8034176,Acceptable,Good,0
30410,Barcaldine,D04,North East Coast,0.1965824,Good,Good,0
30450,Barcoo,D02,Lake Eyre Basin,1,Acceptable,Good,0
30760,Blackall Tambo,D02,Lake Eyre Basin,0.9253458,Acceptable,Good,0
30760,Blackall Tambo,D03,Murray-Darling Basin,0.074649,Good,Good,0
30760,Blackall Tambo,D04,North East Coast,5.20E-06,Good,Good,1
30900,Boulia,D02,Lake Eyre Basin,1,Acceptable,Good,0
31000,Brisbane,D04,North East Coast,1,Good,Good,0
31750,Bulloo,D02,Lake Eyre Basin,0.887081,Acceptable,Good,0
31750,Bulloo,D03,Murray-Darling Basin,0.112919,Good,Good,0
31820,Bundaberg,D04,North East Coast,1,Good,Good,0
31900,Burdekin,D04,North East Coast,1,Good,Good,0
31950,Burke,D01,Carpentaria Coast,1,Acceptable,Good,0
32080,Cairns,D04,North East Coast,1,Good,Good,0
32250,Carpentaria,D01,Carpentaria Coast,1,Acceptable,Good,0
32260,Cassowary Coast,D04,North East Coast,1,Good,Good,0
32270,Central Highlands (Qld),D04,North East Coast,1,Good,Good,0
32310,Charters Towers,D01,Carpentaria Coast,8.00E-07,Acceptable,Good,1
32310,Charters Towers,D04,North East Coast,0.9999992,Good,Good,0
32330,Cherbourg,D04,North East Coast,1,Good,Good,0
32450,Cloncurry,D01,Carpentaria Coast,0.9287861,Acceptable,Good,0
32450,Cloncurry,D02,Lake Eyre Basin,0.0712139,Acceptable,Good,0
32500,Cook,D01,Carpentaria Coast,0.1998908,Acceptable,Good,0
32500,Cook,D04,North East Coast,0.8001092,Good,Good,0
32600,Croydon,D01,Carpentaria Coast,1,Acceptable,Good,0
32750,Diamantina,D02,Lake Eyre Basin,1,Acceptable,Good,0
32770,Doomadgee,D01,Carpentaria Coast,1,Acceptable,Good,0
32810,Douglas,D04,North East Coast,1,Good,Good,0
33100,Etheridge,D01,Carpentaria Coast,1,Acceptable,Good,0
33200,Flinders (Qld),D01,Carpentaria Coast,0.8583581,Acceptable,Good,0
33200,Flinders (Qld),D02,Lake Eyre Basin,0.1369612,Acceptable,Good,0
33200,Flinders (Qld),D04,North East Coast,0.0046807,Good,Good,1
33220,Fraser Coast,D04,North East Coast,1,Good,Good,0
33360,Gladstone,D04,North East Coast,1,Good,Good,0
33430,Gold Coast,D04,North East Coast,0.9914201,Good,Good,0
33430,Gold Coast,D08,South East Coast (NSW),0.0085799,Good,Good,1
33610,Goondiwindi,D03,Murray-Darling Basin,1,Good,Good,0
33620,Gympie,D04,North East Coast,1,Good,Good,0
33800,Hinchinbrook,D04,North East Coast,1,Good,Good,0
33830,Hope Vale,D04,North East Coast,1,Good,Good,0
33960,Ipswich,D04,North East Coast,1,Good,Good,0
33980,Isaac,D04,North East Coast,1,Good,Good,0
34420,Kowanyama,D01,Carpentaria Coast,1,Acceptable,Good,0
34530,Livingstone,D04,North East Coast,1,Good,Good,0
34570,Lockhart River,D04,North East Coast,1,Good,Good,0
34580,Lockyer Valley,D04,North East Coast,1,Good,Good,0
34590,Logan,D04,North East Coast,1,Good,Good,0
34710,Longreach,D02,Lake Eyre Basin,1,Acceptable,Good,0
34770,Mackay,D04,North East Coast,1,Good,Good,0
34800,McKinlay,D01,Carpentaria Coast,1,Acceptable,Good,0
34830,Mapoon,D01,Carpentaria Coast,1,Acceptable,Good,0
34860,Maranoa,D03,Murray-Darling Basin,0.9416766,Good,Good,0
34860,Maranoa,D04,North East Coast,0.0583234,Good,Good,0
34880,Mareeba,D01,Carpentaria Coast,0.1859068,Acceptable,Good,0
34880,Mareeba,D04,North East Coast,0.8140932,Good,Good,0
35010,Moreton Bay,D04,North East Coast,1,Good,Good,0
35250,Mornington,D01,Carpentaria Coast,1,Acceptable,Good,0
35300,Mount Isa,D01,Carpentaria Coast,0.9986627,Acceptable,Good,0
35300,Mount Isa,D02,Lake Eyre Basin,0.0013373,Acceptable,Good,1
35600,Murweh,D03,Murray-Darling Basin,1,Good,Good,0
35670,Napranum,D01,Carpentaria Coast,1,Acceptable,Good,0
35740,Noosa,D04,North East Coast,1,Good,Good,0
35760,North Burnett,D04,North East Coast,1,Good,Good,0
35780,Northern Peninsula Area,D01,Carpentaria Coast,0.9999928,Acceptable,Good,0
35780,Northern Peninsula Area,D04,North East Coast,7.20E-06,Good,Good,1
35790,Palm Island,D04,North East Coast,1,Good,Good,0
35800,Paroo,D03,Murray-Darling Basin,1,Good,Good,0
36070,Pormpuraaw,D01,Carpentaria Coast,1,Acceptable,Good,0
36150,Quilpie,D02,Lake Eyre Basin,0.9915388,Acceptable,Good,0
36150,Quilpie,D03,Murray-Darling Basin,0.0084612,Good,Good,1
36250,Redland,D04,North East Coast,1,Good,Good,0
36300,Richmond,D01,Carpentaria Coast,1,Acceptable,Good,0
36370,Rockhampton,D04,North East Coast,1,Good,Good,0
36510,Scenic Rim,D04,North East Coast,1,Good,Good,0
36580,Somerset,D04,North East Coast,1,Good,Good,0
36630,South Burnett,D03,Murray-Darling Basin,0.0009705,Good,Good,1
36630,South Burnett,D04,North East Coast,0.9990295,Good,Good,0
36660,Southern Downs,D03,Murray-Darling Basin,1,Good,Good,0
36720,Sunshine Coast,D04,North East Coast,1,Good,Good,0
36820,Tablelands,D04,North East Coast,1,Good,Good,0
36910,Toowoomba,D03,Murray-Darling Basin,0.917719,Good,Good,0
36910,Toowoomba,D04,North East Coast,0.082281,Good,Good,0
36950,Torres,D01,Carpentaria Coast,0.9998627,Acceptable,Good,0
36950,Torres,D04,North East Coast,0.0001373,Good,Good,1
36960,Torres Strait Island,D01,Carpentaria Coast,1,Acceptable,Good,0
37010,Townsville,D04,North East Coast,1,Good,Good,0
37300,Weipa,D01,Carpentaria Coast,1,Acceptable,Good,0
37310,Western Downs,D03,Murray-Darling Basin,0.9616374,Good,Good,0
37310,Western Downs,D04,North East Coast,0.0383626,Good,Good,0
37340,Whitsunday,D04,North East Coast,1,Good,Good,0
37400,Winton,D02,Lake Eyre Basin,1,Acceptable,Good,0
37550,Woorabinda,D04,North East Coast,1,Good,Good,0
37570,Wujal Wujal,D04,North East Coast,1,Good,Good,0
37600,Yarrabah,D04,North East Coast,1,Good,Good,0
39499,No usual address (Qld),D94,No usual address (Aust.),1,Good,Good,0
39799,Migratory - Offshore - Shipping (Qld),D97,Migratory - Offshore - Shipping (Aust.),1,Good,Good,0
40070,Adelaide,D07,South Australian Gulf,1,Good,Good,0
40120,Adelaide Hills,D03,Murray-Darling Basin,0.0026193,Good,Good,1
40120,Adelaide Hills,D07,South Australian Gulf,0.9973807,Good,Good,0
40150,Adelaide Plains,D07,South Australian Gulf,1,Good,Good,0
40220,Alexandrina,D03,Murray-Darling Basin,0.9548917,Good,Good,0
40220,Alexandrina,D07,South Australian Gulf,0.0451083,Good,Good,0
40250,Anangu Pitjantjatjara Yunkunytjatjara,D02,Lake Eyre Basin,0.2614368,Acceptable,Good,0
40250,Anangu Pitjantjatjara Yunkunytjatjara,D11,South Western Plateau,0.7385632,Good,Good,0
40310,Barossa,D03,Murray-Darling Basin,0.0432936,Good,Good,0
40310,Barossa,D07,South Australian Gulf,0.9567064,Good,Good,0
40430,Barunga West,D07,South Australian Gulf,1,Good,Good,0
40520,Berri Barmera,D03,Murray-Darling Basin,1,Good,Good,0
40700,Burnside,D07,South Australian Gulf,1,Good,Good,0
40910,Campbelltown (SA),D07,South Australian Gulf,1,Good,Good,0
41010,Ceduna,D11,South Western Plateau,1,Good,Good,0
41060,Charles Sturt,D07,South Australian Gulf,1,Good,Good,0
41140,Clare and Gilbert Valleys,D03,Murray-Darling Basin,0.0053302,Good,Good,1
41140,Clare and Gilbert Valleys,D07,South Australian Gulf,0.9946698,Good,Good,0
41190,Cleve,D07,South Australian Gulf,0.8857774,Good,Good,0
41190,Cleve,D11,South Western Plateau,0.1142226,Good,Good,0
41330,Coober Pedy,D02,Lake Eyre Basin,1,Acceptable,Good,0
41560,Copper Coast,D07,South Australian Gulf,1,Good,Good,0
41750,Elliston,D11,South Western Plateau,1,Good,Good,0
41830,Flinders Ranges,D07,South Australian Gulf,1,Good,Good,0
41960,Franklin Harbour,D07,South Australian Gulf,1,Good,Good,0
42030,Gawler,D07,South Australian Gulf,1,Good,Good,0
42110,Goyder,D02,Lake Eyre Basin,0.0071342,Acceptable,Good,1
42110,Goyder,D03,Murray-Darling Basin,0.7665544,Good,Good,0
42110,Goyder,D07,South Australian Gulf,0.2263114,Good,Good,0
42250,Grant,D09,South East Coast (Victoria),1,Good,Good,0
42600,Holdfast Bay,D07,South Australian Gulf,1,Good,Good,0
42750,Kangaroo Island,D07,South Australian Gulf,1,Good,Good,0
43080,Karoonda East Murray,D03,Murray-Darling Basin,1,Good,Good,0
43220,Kimba,D07,South Australian Gulf,0.7552835,Good,Good,0
43220,Kimba,D11,South Western Plateau,0.2447165,Good,Good,0
43360,Kingston (SA),D03,Murray-Darling Basin,0.0017373,Good,Good,1
43360,Kingston (SA),D09,South East Coast (Victoria),0.9982627,Good,Good,0
43650,Light,D07,South Australian Gulf,1,Good,Good,0
43710,Lower Eyre Peninsula,D07,South Australian Gulf,0.7488024,Good,Good,0
43710,Lower Eyre Peninsula,D11,South Western Plateau,0.2511976,Good,Good,0
43790,Loxton Waikerie,D03,Murray-Darling Basin,1,Good,Good,0
44000,Maralinga Tjarutja,D11,South Western Plateau,1,Good,Good,0
44060,Marion,D07,South Australian Gulf,1,Good,Good,0
44210,Mid Murray,D03,Murray-Darling Basin,1,Good,Good,0
44340,Mitcham,D07,South Australian Gulf,1,Good,Good,0
44550,Mount Barker,D03,Murray-Darling Basin,0.8776309,Good,Good,0
44550,Mount Barker,D07,South Australian Gulf,0.1223691,Good,Good,0
44620,Mount Gambier,D09,South East Coast (Victoria),1,Good,Good,0
44830,Mount Remarkable,D07,South Australian Gulf,1,Good,Good,0
45040,Murray Bridge,D03,Murray-Darling Basin,1,Good,Good,0
45090,Naracoorte Lucindale,D09,South East Coast (Victoria),1,Good,Good,0
45120,Northern Areas,D02,Lake Eyre Basin,0.0327508,Acceptable,Good,0
45120,Northern Areas,D07,South Australian Gulf,0.9672492,Good,Good,0
45290,Norwood Payneham and St Peters,D07,South Australian Gulf,1,Good,Good,0
45340,Onkaparinga,D03,Murray-Darling Basin,0.0003197,Good,Good,1
45340,Onkaparinga,D07,South Australian Gulf,0.9996803,Good,Good,0
45400,Orroroo Carrieton,D02,Lake Eyre Basin,0.7592207,Acceptable,Good,0
45400,Orroroo Carrieton,D07,South Australian Gulf,0.2407793,Good,Good,0
45540,Peterborough,D02,Lake Eyre Basin,0.9932707,Acceptable,Good,0
45540,Peterborough,D03,Murray-Darling Basin,0.0067293,Good,Good,1
45680,Playford,D07,South Australian Gulf,1,Good,Good,0
45890,Port Adelaide Enfield,D07,South Australian Gulf,1,Good,Good,0
46090,Port Augusta,D07,South Australian Gulf,1,Good,Good,0
46300,Port Lincoln,D07,South Australian Gulf,1,Good,Good,0
46450,Port Pirie,D07,South Australian Gulf,1,Good,Good,0
46510,Prospect,D07,South Australian Gulf,1,Good,Good,0
46670,Renmark Paringa,D03,Murray-Darling Basin,1,Good,Good,0
46860,Robe,D09,South East Coast (Victoria),1,Good,Good,0
46970,Roxby Downs,D07,South Australian Gulf,1,Good,Good,0
47140,Salisbury,D07,South Australian Gulf,1,Good,Good,0
47290,Southern Mallee,D03,Murray-Darling Basin,0.9902982,Good,Good,0
47290,Southern Mallee,D09,South East Coast (Victoria),0.0097018,Good,Good,1
47490,Streaky Bay,D11,South Western Plateau,1,Good,Good,0
47630,Tatiara,D09,South East Coast (Victoria),1,Good,Good,0
47700,Tea Tree Gully,D07,South Australian Gulf,1,Good,Good,0
47800,Coorong,D03,Murray-Darling Basin,0.782363,Good,Good,0
47800,Coorong,D09,South East Coast (Victoria),0.217637,Good,Good,0
47910,Tumby Bay,D07,South Australian Gulf,0.9331242,Good,Good,0
47910,Tumby Bay,D11,South Western Plateau,0.0668758,Good,Good,0
47980,Unley,D07,South Australian Gulf,1,Good,Good,0
48050,Victor Harbor,D03,Murray-Darling Basin,0.002979,Good,Good,1
48050,Victor Harbor,D07,South Australian Gulf,0.997021,Good,Good,0
48130,Wakefield,D07,South Australian Gulf,1,Good,Good,0
48260,Walkerville,D07,South Australian Gulf,1,Good,Good,0
48340,Wattle Range,D09,South East Coast (Victoria),1,Good,Good,0
48410,West Torrens,D07,South Australian Gulf,1,Good,Good,0
48540,Whyalla,D07,South Australian Gulf,1,Good,Good,0
48640,Wudinna,D11,South Western Plateau,1,Good,Good,0
48750,Yankalilla,D07,South Australian Gulf,1,Good,Good,0
48830,Yorke Peninsula,D07,South Australian Gulf,1,Good,Good,0
49399,Unincorporated SA,D02,Lake Eyre Basin,0.3533588,Acceptable,Good,0
49399,Unincorporated SA,D03,Murray-Darling Basin,0.0842674,Good,Good,0
49399,Unincorporated SA,D07,South Australian Gulf,0.2854378,Good,Good,0
49399,Unincorporated SA,D11,South Western Plateau,0.276936,Good,Good,0
49499,No usual address (SA),D94,No usual address (Aust.),1,Good,Good,0
49799,Migratory - Offshore - Shipping (SA),D97,Migratory - Offshore - Shipping (Aust.),1,Good,Good,0
50080,Albany,D10,South West Coast,1,Good,Good,0
50210,Armadale,D10,South West Coast,1,Good,Good,0
50250,Ashburton,D06,Pilbara-Gascoyne,1,Good,Good,0
50280,Augusta Margaret River,D10,South West Coast,1,Good,Good,0
50350,Bassendean,D10,South West Coast,1,Good,Good,0
50420,Bayswater,D10,South West Coast,1,Good,Good,0
50490,Belmont,D10,South West Coast,1,Good,Good,0
50560,Beverley,D10,South West Coast,1,Good,Good,0
50630,Boddington,D10,South West Coast,1,Good,Good,0
50770,Boyup Brook,D10,South West Coast,1,Good,Good,0
50840,Bridgetown-Greenbushes,D10,South West Coast,1,Good,Good,0
50910,Brookton,D10,South West Coast,1,Good,Good,0
50980,Broome,D05,North Western Plateau,0.0446602,Poor,Good,0
50980,Broome,D12,Tanami-Timor Sea Coast,0.9553398,Good,Good,0
51080,Broomehill-Tambellup,D10,South West Coast,1,Good,Good,0
51120,Bruce Rock,D10,South West Coast,1,Good,Good,0
51190,Bunbury,D10,South West Coast,1,Good,Good,0
51260,Busselton,D10,South West Coast,1,Good,Good,0
51310,Cambridge,D10,South West Coast,1,Good,Good,0
51330,Canning,D10,South West Coast,1,Good,Good,0
51400,Capel,D10,South West Coast,1,Good,Good,0
51470,Carnamah,D10,South West Coast,1,Good,Good,0
51540,Carnarvon,D06,Pilbara-Gascoyne,1,Good,Good,0
51610,Chapman Valley,D06,Pilbara-Gascoyne,1,Good,Good,0
51680,Chittering,D10,South West Coast,1,Good,Good,0
51710,Christmas Island,D91,Unclassified (Aust.),1,Good,Good,0
51750,Claremont,D10,South West Coast,1,Good,Good,0
51820,Cockburn,D10,South West Coast,1,Good,Good,0
51860,Cocos Islands,D91,Unclassified (Aust.),1,Good,Good,0
51890,Collie,D10,South West Coast,1,Good,Good,0
51960,Coolgardie,D10,South West Coast,0.0121492,Good,Good,0
51960,Coolgardie,D11,South Western Plateau,0.9878508,Good,Good,0
52030,Coorow,D10,South West Coast,1,Good,Good,0
52100,Corrigin,D10,South West Coast,1,Good,Good,0
52170,Cottesloe,D10,South West Coast,1,Good,Good,0
52240,Cranbrook,D10,South West Coast,1,Good,Good,0
52310,Cuballing,D10,South West Coast,1,Good,Good,0
52380,Cue,D06,Pilbara-Gascoyne,1,Good,Good,0
52450,Cunderdin,D10,South West Coast,1,Good,Good,0
52520,Dalwallinu,D10,South West Coast,1,Good,Good,0
52590,Dandaragan,D10,South West Coast,1,Good,Good,0
52660,Dardanup,D10,South West Coast,1,Good,Good,0
52730,Denmark,D10,South West Coast,1,Good,Good,0
52800,Derby-West Kimberley,D12,Tanami-Timor Sea Coast,1,Good,Good,0
52870,Donnybrook-Balingup,D10,South West Coast,1,Good,Good,0
52940,Dowerin,D10,South West Coast,1,Good,Good,0
53010,Dumbleyung,D10,South West Coast,1,Good,Good,0
53080,Dundas,D10,South West Coast,1.47E-05,Good,Good,1
53080,Dundas,D11,South Western Plateau,0.9999853,Good,Good,0
53150,East Fremantle,D10,South West Coast,1,Good,Good,0
53220,East Pilbara,D05,North Western Plateau,0.3093599,Poor,Good,0
53220,East Pilbara,D06,Pilbara-Gascoyne,0.6906401,Good,Good,0
53290,Esperance,D10,South West Coast,0.0770741,Good,Good,0
53290,Esperance,D11,South Western Plateau,0.9229259,Good,Good,0
53360,Exmouth,D06,Pilbara-Gascoyne,1,Good,Good,0
53430,Fremantle,D10,South West Coast,1,Good,Good,0
53570,Gingin,D10,South West Coast,1,Good,Good,0
53640,Gnowangerup,D10,South West Coast,1,Good,Good,0
53710,Goomalling,D10,South West Coast,1,Good,Good,0
53780,Gosnells,D10,South West Coast,1,Good,Good,0
53800,Greater Geraldton,D06,Pilbara-Gascoyne,1,Good,Good,0
53920,Halls Creek,D05,North Western Plateau,0.266979,Poor,Good,0
53920,Halls Creek,D12,Tanami-Timor Sea Coast,0.733021,Good,Good,0
53990,Harvey,D10,South West Coast,1,Good,Good,0
54060,Irwin,D06,Pilbara-Gascoyne,1,Good,Good,0
54130,Jerramungup,D10,South West Coast,1,Good,Good,0
54170,Joondalup,D10,South West Coast,1,Good,Good,0
54200,Kalamunda,D10,South West Coast,1,Good,Good,0
54280,Kalgoorlie-Boulder,D11,South Western Plateau,1,Good,Good,0
54310,Karratha,D06,Pilbara-Gascoyne,1,Good,Good,0
54340,Katanning,D10,South West Coast,1,Good,Good,0
54410,Kellerberrin,D10,South West Coast,1,Good,Good,0
54480,Kent,D10,South West Coast,1,Good,Good,0
54550,Kojonup,D10,South West Coast,1,Good,Good,0
54620,Kondinin,D10,South West Coast,1,Good,Good,0
54690,Koorda,D10,South West Coast,1,Good,Good,0
54760,Kulin,D10,South West Coast,1,Good,Good,0
54830,Kwinana,D10,South West Coast,1,Good,Good,0
54900,Lake Grace,D10,South West Coast,1,Good,Good,0
54970,Laverton,D05,North Western Plateau,1.50E-05,Poor,Good,1
54970,Laverton,D11,South Western Plateau,0.999985,Good,Good,0
55040,Leonora,D11,South Western Plateau,1,Good,Good,0
55110,Mandurah,D10,South West Coast,1,Good,Good,0
55180,Manjimup,D10,South West Coast,1,Good,Good,0
55250,Meekatharra,D05,North Western Plateau,0.0708258,Poor,Good,0
55250,Meekatharra,D06,Pilbara-Gascoyne,0.9291742,Good,Good,0
55320,Melville,D10,South West Coast,1,Good,Good,0
55390,Menzies,D11,South Western Plateau,1,Good,Good,0
55460,Merredin,D10,South West Coast,1,Good,Good,0
55530,Mingenew,D06,Pilbara-Gascoyne,1,Good,Good,0
55600,Moora,D10,South West Coast,1,Good,Good,0
55670,Morawa,D06,Pilbara-Gascoyne,0.0284581,Good,Good,0
55670,Morawa,D10,South West Coast,0.9715419,Good,Good,0
55740,Mosman Park,D10,South West Coast,1,Good,Good,0
55810,Mount Magnet,D06,Pilbara-Gascoyne,1.52E-05,Good,Good,1
55810,Mount Magnet,D10,South West Coast,0.9999848,Good,Good,0
55880,Mount Marshall,D10,South West Coast,1,Good,Good,0
55950,Mukinbudin,D10,South West Coast,1,Good,Good,0
56090,Mundaring,D10,South West Coast,1,Good,Good,0
56160,Murchison,D06,Pilbara-Gascoyne,1,Good,Good,0
56230,Murray,D10,South West Coast,1,Good,Good,0
56300,Nannup,D10,South West Coast,1,Good,Good,0
56370,Narembeen,D10,South West Coast,1,Good,Good,0
56460,Narrogin,D10,South West Coast,1,Good,Good,0
56580,Nedlands,D10,South West Coast,1,Good,Good,0
56620,Ngaanyatjarraku,D05,North Western Plateau,0.0345088,Poor,Good,0
56620,Ngaanyatjarraku,D11,South Western Plateau,0.9654912,Good,Good,0
56730,Northam,D10,South West Coast,1,Good,Good,0
56790,Northampton,D06,Pilbara-Gascoyne,1,Good,Good,0
56860,Nungarin,D10,South West Coast,1,Good,Good,0
56930,Peppermint Grove,D10,South West Coast,1,Good,Good,0
57000,Perenjori,D10,South West Coast,1,Good,Good,0
57080,Perth,D10,South West Coast,1,Good,Good,0
57140,Pingelly,D10,South West Coast,1,Good,Good,0
57210,Plantagenet,D10,South West Coast,1,Good,Good,0
57280,Port Hedland,D05,North Western Plateau,0.0042357,Poor,Good,1
57280,Port Hedland,D06,Pilbara-Gascoyne,0.9957643,Good,Good,0
57350,Quairading,D10,South West Coast,1,Good,Good,0
57420,Ravensthorpe,D10,South West Coast,1,Good,Good,0
57490,Rockingham,D10,South West Coast,1,Good,Good,0
57630,Sandstone,D11,South Western Plateau,1,Good,Good,0
57700,Serpentine-Jarrahdale,D10,South West Coast,1,Good,Good,0
57770,Shark Bay,D06,Pilbara-Gascoyne,1,Good,Good,0
57840,South Perth,D10,South West Coast,1,Good,Good,0
57910,Stirling,D10,South West Coast,1,Good,Good,0
57980,Subiaco,D10,South West Coast,1,Good,Good,0
58050,Swan,D10,South West Coast,1,Good,Good,0
58190,Tammin,D10,South West Coast,1,Good,Good,0
58260,Three Springs,D06,Pilbara-Gascoyne,0.1888544,Good,Good,0
58260,Three Springs,D10,South West Coast,0.8111456,Good,Good,0
58330,Toodyay,D10,South West Coast,1,Good,Good,0
58400,Trayning,D10,South West Coast,1,Good,Good,0
58470,Upper Gascoyne,D06,Pilbara-Gascoyne,1,Good,Good,0
58510,Victoria Park,D10,South West Coast,1,Good,Good,0
58540,Victoria Plains,D10,South West Coast,1,Good,Good,0
58570,Vincent,D10,South West Coast,1,Good,Good,0
58610,Wagin,D10,South West Coast,1,Good,Good,0
58680,Wandering,D10,South West Coast,1,Good,Good,0
58760,Wanneroo,D10,South West Coast,1,Good,Good,0
58820,Waroona,D10,South West Coast,1,Good,Good,0
58890,West Arthur,D10,South West Coast,1,Good,Good,0
59030,Westonia,D10,South West Coast,1,Good,Good,0
59100,Wickepin,D10,South West Coast,1,Good,Good,0
59170,Williams,D10,South West Coast,1,Good,Good,0
59250,Wiluna,D05,North Western Plateau,0.3696804,Poor,Good,0
59250,Wiluna,D11,South Western Plateau,0.6303196,Good,Good,0
59310,Wongan-Ballidu,D10,South West Coast,1,Good,Good,0
59320,Woodanilling,D10,South West Coast,1,Good,Good,0
59330,Wyalkatchem,D10,South West Coast,1,Good,Good,0
59340,Wyndham-East Kimberley,D12,Tanami-Timor Sea Coast,1,Good,Good,0
59350,Yalgoo,D10,South West Coast,1,Good,Good,0
59360,Yilgarn,D10,South West Coast,1,Good,Good,0
59370,York,D10,South West Coast,1,Good,Good,0
59499,No usual address (WA),D94,No usual address (Aust.),1,Good,Good,0
59799,Migratory - Offshore - Shipping (WA),D97,Migratory - Offshore - Shipping (Aust.),1,Good,Good,0
60210,Break O'Day,D13,Tasmania,1,Good,Good,0
60410,Brighton,D13,Tasmania,1,Good,Good,0
60610,Burnie,D13,Tasmania,1,Good,Good,0
60810,Central Coast (Tas.),D13,Tasmania,1,Good,Good,0
61010,Central Highlands (Tas.),D13,Tasmania,1,Good,Good,0
61210,Circular Head,D13,Tasmania,1,Good,Good,0
61410,Clarence,D13,Tasmania,1,Good,Good,0
61510,Derwent Valley,D13,Tasmania,1,Good,Good,0
61610,Devonport,D13,Tasmania,1,Good,Good,0
61810,Dorset,D13,Tasmania,1,Good,Good,0
62010,Flinders (Tas.),D13,Tasmania,1,Good,Good,0
62210,George Town,D13,Tasmania,1,Good,Good,0
62410,Glamorgan-Spring Bay,D13,Tasmania,1,Good,Good,0
62610,Glenorchy,D13,Tasmania,1,Good,Good,0
62810,Hobart,D13,Tasmania,1,Good,Good,0
63010,Huon Valley,D13,Tasmania,1,Good,Good,0
63210,Kentish,D13,Tasmania,1,Good,Good,0
63410,King Island,D13,Tasmania,1,Good,Good,0
63610,Kingborough,D13,Tasmania,1,Good,Good,0
63810,Latrobe (Tas.),D13,Tasmania,1,Good,Good,0
64010,Launceston,D13,Tasmania,1,Good,Good,0
64210,Meander Valley,D13,Tasmania,1,Good,Good,0
64610,Northern Midlands,D13,Tasmania,1,Good,Good,0
64810,Sorell,D13,Tasmania,1,Good,Good,0
65010,Southern Midlands,D13,Tasmania,1,Good,Good,0
65210,Tasman,D13,Tasmania,1,Good,Good,0
65410,Waratah-Wynyard,D13,Tasmania,1,Good,Good,0
65610,West Coast,D13,Tasmania,1,Good,Good,0
65810,West Tamar,D13,Tasmania,1,Good,Good,0
69499,No usual address (Tas.),D94,No usual address (Aust.),1,Good,Good,0
69799,Migratory - Offshore - Shipping (Tas.),D97,Migratory - Offshore - Shipping (Aust.),1,Good,Good,0
70200,Alice Springs,D02,Lake Eyre Basin,1,Acceptable,Good,0
70420,Barkly,D01,Carpentaria Coast,0.0090235,Acceptable,Good,1
70420,Barkly,D02,Lake Eyre Basin,0.2489929,Acceptable,Good,0
70420,Barkly,D12,Tanami-Timor Sea Coast,0.7419835,Good,Good,0
70540,Belyuen,D12,Tanami-Timor Sea Coast,1,Good,Good,0
70620,Central Desert,D02,Lake Eyre Basin,0.18355,Acceptable,Good,0
70620,Central Desert,D12,Tanami-Timor Sea Coast,0.81645,Good,Good,0
70700,Coomalie,D12,Tanami-Timor Sea Coast,1,Good,Good,0
71000,Darwin,D12,Tanami-Timor Sea Coast,1,Good,Good,0
71150,Darwin Waterfront Precinct,D12,Tanami-Timor Sea Coast,1,Good,Good,0
71300,East Arnhem,D01,Carpentaria Coast,0.462639,Acceptable,Good,0
71300,East Arnhem,D12,Tanami-Timor Sea Coast,0.537361,Good,Good,0
72200,Katherine,D12,Tanami-Timor Sea Coast,1,Good,Good,0
72300,Litchfield,D12,Tanami-Timor Sea Coast,1,Good,Good,0
72330,MacDonnell,D02,Lake Eyre Basin,0.6288544,Acceptable,Good,0
72330,MacDonnell,D11,South Western Plateau,0.0515759,Good,Good,0
72330,MacDonnell,D12,Tanami-Timor Sea Coast,0.3195696,Good,Good,0
72800,Palmerston,D12,Tanami-Timor Sea Coast,1,Good,Good,0
73600,Roper Gulf,D01,Carpentaria Coast,0.9548368,Acceptable,Good,0
73600,Roper Gulf,D12,Tanami-Timor Sea Coast,0.0451632,Good,Good,0
74050,Tiwi Islands,D12,Tanami-Timor Sea Coast,1,Good,Good,0
74550,Victoria Daly,D12,Tanami-Timor Sea Coast,1,Good,Good,0
74560,Wagait,D12,Tanami-Timor Sea Coast,1,Good,Good,0
74660,West Arnhem,D12,Tanami-Timor Sea Coast,1,Good,Good,0
74680,West Daly,D12,Tanami-Timor Sea Coast,1,Good,Good,0
79399,Unincorporated NT,D01,Carpentaria Coast,0.5939699,Acceptable,Good,0
79399,Unincorporated NT,D12,Tanami-Timor Sea Coast,0.4060301,Good,Good,0
79499,No usual address (NT),D94,No usual address (Aust.),1,Good,Good,0
79799,Migratory - Offshore - Shipping (NT),D97,Migratory - Offshore - Shipping (Aust.),1,Good,Good,0
89399,Unincorporated ACT,D03,Murray-Darling Basin,1,Good,Good,0
89499,No usual address (ACT),D94,No usual address (Aust.),1,Good,Good,0
89799,Migratory - Offshore - Shipping (ACT),D97,Migratory - Offshore - Shipping (Aust.),1,Good,Good,0
99399,Unincorp. Other Territories,D08,South East Coast (NSW),0.1235493,Good,Good,0
99399,Unincorp. Other Territories,D91,Unclassified (Aust.),0.8764507,Good,Good,0
99499,No usual address (OT),D94,No usual address (Aust.),1,Good,Good,0
99799,Migratory - Offshore - Shipping (OT),D97,Migratory - Offshore - Shipping (Aust.),1,Good,Good,0
ZZZZZ,Outside Australia,DZZ,Outside Australia,1,Good,Good,0
